,Player,Predicted,PlayerID,S_GamesPlayed,TotalGamesSeason,S_FantasyPoints,S_AvgPoints,S_AvgAssists,S_AvgRebounds,S_AvgSteals,S_AvgBlocks,S_AvgTurnovers,S_Avg3P
0,Anthony Davis,10.922879544003283,davisan02,53,82,33.13207547169812,25.056603773584907,3.471698113207548,11.471698113207546,1.150943396226415,2.150943396226415,2.188679245283019,0.7547169811320755
1,Walker Kessler,10.821330148284208,kesslwa01,58,82,24.4396551724138,11.051724137931034,1.6724137931034482,12.189655172413794,0.6206896551724138,2.3793103448275863,1.4827586206896552,0.1034482758620689
2,Keegan Murray,10.292330702586899,murrake02,77,82,18.071428571428573,12.35064935064935,1.4415584415584417,6.662337662337662,0.8051948051948052,0.922077922077922,0.8181818181818182,2.0259740259740258
3,Kristaps Porziņģis,9.54974837570396,porzikr01,41,82,22.890243902439025,19.341463414634145,2.048780487804878,6.609756097560975,0.7317073170731707,1.4634146341463414,1.195121951219512,2.4878048780487805
4,Rudy Gobert,9.285553717772903,goberru01,72,82,22.38888888888889,12.02777777777778,1.7638888888888888,10.90277777777778,0.7777777777777778,1.4444444444444444,1.2361111111111112,0.0
5,Nikola Vučević,9.182195142827116,vucevni01,74,82,25.85135135135135,18.445945945945947,3.472972972972973,10.094594594594597,0.8378378378378378,0.7297297297297297,1.635135135135135,1.7702702702702702
6,Ivica Zubac,9.153342747279087,zubaciv01,80,82,26.475,16.75,2.675,12.625,0.6875,1.125,1.5875,0.0
7,Nikola Jokić,8.732905243495427,jokicni01,70,82,42.535714285714285,29.585714285714285,10.228571428571428,12.742857142857142,1.8142857142857145,0.6428571428571429,3.2857142857142856,1.9714285714285715
8,Jarrett Allen,8.586419771965186,allenja01,82,82,21.34756097560976,13.451219512195122,1.9268292682926829,9.731707317073171,0.9390243902439024,0.8902439024390244,1.1829268292682926,0.0
9,Mark Williams,8.467054323472642,willima07,44,82,23.03409090909091,15.25,2.477272727272727,10.159090909090908,0.7272727272727273,1.2272727272727273,1.6136363636363635,0.0
10,Clint Capela,8.334594837482857,capelca01,55,82,16.6,8.872727272727273,1.1272727272727272,8.527272727272727,0.6181818181818182,0.9636363636363636,0.8545454545454545,0.0
11,Al Horford,8.317814775075565,horfoal01,59,82,16.04237288135593,9.05084745762712,2.067796610169492,6.169491525423729,0.6101694915254238,0.864406779661017,0.7457627118644068,1.915254237288136
12,Chet Holmgren,8.233117063944494,holmgch01,32,82,22.640625,14.96875,1.96875,8.03125,0.71875,2.21875,1.75,1.375
13,Onyeka Okongwu,8.14668387070353,okongon01,76,82,21.26315789473684,13.513157894736842,2.263157894736842,8.960526315789474,0.9473684210526316,0.9210526315789472,1.1842105263157894,0.6973684210526315
14,Michael Porter Jr.,8.042615277086039,portemi01,77,82,20.61688311688312,18.15584415584416,2.142857142857143,7.012987012987013,0.6493506493506493,0.4935064935064935,1.3506493506493509,2.5064935064935066
15,Evan Mobley,7.944841427223284,mobleev01,71,82,25.739436619718308,18.535211267605632,3.183098591549296,9.28169014084507,0.8591549295774648,1.591549295774648,2.0422535211267605,1.1971830985915493
16,Victor Wembanyama,7.932803017880562,wembavi01,46,82,35.82608695652174,24.26086956521739,3.652173913043478,11.0,1.1304347826086956,3.8260869565217392,3.239130434782609,3.0869565217391304
17,Bobby Portis,7.709061164671058,portibo01,50,82,19.51,13.7,2.14,8.4,0.7,0.52,1.2,1.32
18,Mitchell Robinson,7.660693552976883,robinmi01,17,82,12.794117647058824,5.117647058823529,0.7647058823529411,5.941176470588236,0.9411764705882352,1.0588235294117647,0.5882352941176471,0.0
19,Lauri Markkanen,7.595956439642574,markkla01,47,82,19.19148936170213,18.97872340425532,1.4893617021276595,5.914893617021277,0.7021276595744681,0.3617021276595745,1.4042553191489362,2.936170212765957
20,Tari Eason,7.560035209218515,easonta01,57,82,18.5,12.035087719298245,1.456140350877193,6.350877192982456,1.7017543859649122,0.8771929824561403,1.1403508771929824,1.105263157894737
21,Dereck Lively II,7.542253976334993,livelde01,38,82,17.407894736842106,8.394736842105264,2.421052631578948,7.2894736842105265,0.631578947368421,1.5526315789473684,1.0789473684210529,0.0
22,Brook Lopez,7.499592987729531,lopezbr01,81,82,18.160493827160494,13.012345679012345,1.7777777777777777,5.061728395061729,0.6296296296296297,1.839506172839506,1.0493827160493827,1.7530864197530864
23,Daniel Gafford,7.485587008594822,gaffoda01,59,82,17.466101694915253,12.11864406779661,1.3898305084745763,6.694915254237288,0.3898305084745763,1.7796610169491525,1.152542372881356,0.0
24,Brandon Clarke,7.4492635038109,clarkbr01,64,82,12.4453125,8.34375,1.03125,5.09375,0.8125,0.5625,0.640625,0.015625
25,Myles Turner,7.442455765137512,turnemy01,72,82,20.916666666666668,15.555555555555555,1.5416666666666667,6.541666666666667,0.75,2.0,1.7083333333333333,2.1666666666666665
26,Shai Gilgeous-Alexander,7.2989998140247225,gilgesh01,77,82,32.20779220779221,32.532467532467535,6.337662337662338,4.974025974025974,1.7272727272727273,1.0,2.415584415584416,2.142857142857143
27,Jabari Smith Jr.,7.268062865588237,smithja05,57,82,16.42105263157895,12.24561403508772,1.0526315789473684,7.0,0.4385964912280701,0.7192982456140351,1.0701754385964912,1.719298245614035
28,Pascal Siakam,7.2030393402544375,siakapa01,78,82,22.83333333333333,20.23076923076923,3.371794871794872,6.923076923076923,0.8974358974358975,0.5384615384615384,1.3974358974358974,1.6153846153846154
29,Tyrese Haliburton,7.159461681162196,halibty01,73,82,26.554794520547944,18.616438356164384,9.219178082191782,3.5342465753424657,1.4383561643835616,0.6712328767123288,1.643835616438356,2.9863013698630136
30,Mouhamed Gueye,7.1587276598027385,gueyemo02,35,82,11.6,6.057142857142857,0.8571428571428571,4.142857142857143,0.8285714285714286,1.0,0.4571428571428571,0.6285714285714286
31,Rui Hachimura,7.148812971159688,hachiru01,59,82,15.432203389830509,13.135593220338984,1.4067796610169492,5.0,0.7627118644067796,0.4406779661016949,0.8305084745762712,1.728813559322034
32,Nic Claxton,7.046497053378945,claxtni01,71,82,18.37857142857143,10.342857142857143,2.242857142857143,7.357142857142857,0.8857142857142857,1.4285714285714286,1.2428571428571429,0.0714285714285714
33,Isaiah Mobley,7.004758238623967,mobleis01,1,82,16.5,6.0,5.0,4.0,1.0,1.0,0.0,1.0
34,Robert Williams,6.986821690972735,williro04,20,82,13.625,5.8,1.05,5.9,0.65,1.65,0.85,0.05
35,Santi Aldama,6.925570962591766,aldamsa01,67,82,17.940298507462686,12.477611940298509,2.880597014925373,6.388059701492537,0.7910447761194029,0.4328358208955223,1.0746268656716418,1.82089552238806
36,Deandre Ayton,6.828108753934404,aytonde01,40,82,21.3,14.4,1.6,10.15,0.775,0.975,1.725,0.15
37,Ron Harper Jr.,6.79941424274526,harpero02,1,82,11.0,4.0,2.0,7.0,0.0,0.0,0.0,0.0
38,Kawhi Leonard,6.79273170675469,leonaka01,37,82,23.16216216216216,21.513513513513512,3.135135135135135,5.918918918918919,1.5945945945945943,0.4594594594594595,1.945945945945946,2.108108108108108
39,Jimmy Butler,6.705098396648938,butleji01,56,82,22.446428571428573,17.892857142857142,5.428571428571429,5.410714285714286,1.4285714285714286,0.3214285714285714,1.3571428571428572,0.6071428571428571
40,Isaiah Hartenstein,6.651126203223586,harteis01,58,82,22.81896551724138,11.258620689655173,3.810344827586207,10.741379310344827,0.8275862068965517,1.0689655172413792,1.6551724137931034,0.0
41,Gary Trent Jr.,6.63714516903951,trentga02,75,82,11.746666666666666,11.16,1.1733333333333331,2.28,0.9733333333333334,0.0533333333333333,0.56,2.44
42,Marcus Bagley,6.5661854122219765,baglema02,10,82,15.3,6.7,1.0,7.0,0.9,1.2,0.7,0.5
43,Luke Kornet,6.464214669794361,kornelu01,72,82,12.65277777777778,6.111111111111111,1.625,5.375,0.5,0.9861111111111112,0.4166666666666667,0.0
44,Devin Vassell,6.461394393210181,vassede01,64,82,18.5234375,16.265625,2.859375,3.984375,1.3125,0.515625,1.375,2.46875
45,OG Anunoby,6.416806327550122,anunoog01,74,82,20.60135135135135,18.0,2.216216216216216,4.837837837837838,1.4864864864864864,0.8783783783783784,1.3783783783783785,2.310810810810811
46,Sam Hauser,6.404494413982067,hausesa01,70,82,10.664285714285716,8.528571428571428,0.9142857142857144,3.1,0.5857142857142857,0.1857142857142857,0.3285714285714285,2.342857142857143
47,Tobias Harris,6.353150027499847,harrito02,73,82,18.116438356164384,13.726027397260276,2.219178082191781,5.917808219178082,1.0136986301369864,0.7808219178082192,1.1643835616438356,1.2465753424657535
48,Kelly Oubre Jr.,6.211198644189832,oubreke01,60,82,18.975,15.1,1.8,6.133333333333334,1.5333333333333334,0.5,1.3333333333333333,1.1833333333333331
49,Jalen Smith,6.201628221623852,smithja04,65,82,12.461538461538462,8.061538461538461,1.015384615384615,5.492307692307692,0.2615384615384615,0.676923076923077,0.5692307692307692,1.1076923076923078
50,Kel'el Ware,6.181661825659861,wareke01,66,82,16.015151515151516,9.287878787878787,0.9545454545454546,7.424242424242424,0.6060606060606061,1.0909090909090908,0.8939393939393939,0.5303030303030303
51,Chuma Okeke,6.152491810749947,okekech01,9,82,12.22222222222222,5.888888888888889,1.6666666666666667,5.222222222222222,0.5555555555555556,0.4444444444444444,0.3333333333333333,1.2222222222222223
52,Chris Boucher,6.0723502698763205,bouchch01,50,82,12.3,10.04,0.66,4.48,0.48,0.5,0.58,1.4
53,Oscar Tshiebwe,6.064933303173436,tshieos01,14,82,14.75,7.642857142857143,0.6428571428571429,8.714285714285714,0.9285714285714286,0.0714285714285714,0.7142857142857143,0.0
54,Jonathan Isaac,6.020632109080199,isaacjo01,72,82,11.54861111111111,5.361111111111111,0.5833333333333334,4.472222222222222,0.875,1.125,0.4861111111111111,0.5416666666666666
55,Trey Murphy III,5.894418055868751,murphtr02,53,82,22.452830188679247,21.20754716981132,3.547169811320755,5.056603773584905,1.0566037735849056,0.7358490566037735,1.9433962264150944,2.981132075471698
56,DeMar DeRozan,5.888778490685783,derozde01,78,82,21.19871794871795,22.346153846153847,4.410256410256411,3.91025641025641,0.8205128205128205,0.4102564102564102,1.3717948717948718,1.1025641025641026
57,Justin Champagnie,5.8426259154189175,champju01,62,82,14.18032786885246,8.770491803278688,0.9672131147540984,5.60655737704918,1.0655737704918034,0.6229508196721312,0.8852459016393442,1.1967213114754098
58,Fred VanVleet,5.838858544419776,vanvlfr01,60,82,20.175,14.066666666666666,5.55,3.683333333333333,1.5666666666666669,0.4166666666666667,1.45,2.65
59,Luguentz Dort,5.837442657296987,dortlu01,72,82,14.5625,10.041666666666666,1.6111111111111112,4.180555555555555,1.0972222222222223,0.5555555555555556,0.7361111111111112,2.361111111111111
60,Jakob Poeltl,5.822782327066736,poeltja01,57,82,22.86842105263158,14.456140350877194,2.771929824561404,9.596491228070176,1.1578947368421053,1.2456140350877194,1.947368421052632,0.0175438596491228
61,Kyrie Irving,5.770859942530518,irvinky01,50,82,24.66,24.68,4.62,4.8,1.32,0.46,2.22,2.88
62,Dean Wade,5.6998072581190256,wadede01,59,82,10.64406779661017,5.423728813559322,1.2881355932203389,4.220338983050848,0.711864406779661,0.3389830508474576,0.3728813559322034,1.3559322033898304
63,Matisse Thybulle,5.533321438366212,thybuma01,15,82,14.5,7.466666666666667,1.8666666666666667,3.466666666666667,2.2,0.6,0.8666666666666667,1.4
64,Harrison Barnes,5.5194358588271335,barneha02,82,82,13.25,12.329268292682928,1.6585365853658536,3.7804878048780486,0.4756097560975609,0.1707317073170731,0.6097560975609756,1.902439024390244
65,Christian Braun,5.510501934693633,braunch01,79,82,18.196202531645568,15.417721518987342,2.59493670886076,5.189873417721519,1.0759493670886076,0.4683544303797468,1.0253164556962024,1.1265822784810129
66,Goga Bitadze,5.500563606566376,bitadgo01,71,82,15.415492957746478,7.098591549295775,1.943661971830986,6.535211267605634,0.6901408450704225,1.3943661971830985,1.0140845070422535,0.0422535211267605
67,Jaden McDaniels,5.398066525161308,mcdanja02,82,82,17.878048780487806,12.195121951219512,1.9878048780487805,5.7317073170731705,1.3414634146341464,0.902439024390244,1.1585365853658536,1.2195121951219512
68,Derrick White,5.278483883243835,whitede01,75,82,21.6,16.4,4.76,4.48,0.96,1.0533333333333332,1.6933333333333334,3.493333333333333
69,Larry Nance Jr.,5.260697412439273,nancela02,24,82,13.020833333333334,8.458333333333334,1.5833333333333333,4.291666666666667,0.8333333333333334,0.5416666666666666,0.6666666666666666,1.4166666666666667
70,Javonte Green,5.223314051247936,greenja02,68,82,9.272058823529411,5.102941176470588,0.8235294117647058,3.2058823529411766,0.9558823529411764,0.4558823529411764,0.4705882352941176,0.6764705882352942
71,Aaron Nesmith,5.222186273799931,nesmiaa01,45,82,13.588888888888889,12.022222222222222,1.2,3.955555555555556,0.7777777777777778,0.3777777777777777,0.8222222222222222,1.8666666666666667
72,Naz Reid,5.213951261127678,reidna01,80,82,18.49375,14.225,2.2625,6.0,0.725,0.9,1.35,2.1875
73,Bam Adebayo,5.161970001992105,adebaba01,80,82,25.975,18.025,4.3125,9.65,1.275,0.725,2.025,1.0
74,Tim Hardaway Jr.,5.130856635699043,hardati02,77,82,11.090909090909092,10.96103896103896,1.5974025974025974,2.3766233766233764,0.4935064935064935,0.0909090909090909,0.6233766233766234,2.1818181818181817
75,Jalen Duren,5.078984361120749,durenja01,78,82,21.35897435897436,11.76923076923077,2.67948717948718,10.346153846153848,0.6923076923076923,1.141025641025641,1.7435897435897436,0.0
76,Jaylin Williams,5.050184165216225,willija07,47,82,13.372340425531917,5.914893617021277,2.5531914893617023,5.574468085106383,0.4680851063829787,0.6170212765957447,0.7446808510638298,1.297872340425532
77,Jayson Tatum,5.041569084303975,tatumja01,72,82,30.65277777777778,26.83333333333333,5.986111111111111,8.652777777777779,1.0555555555555556,0.5277777777777778,2.9027777777777777,3.4722222222222223
78,Giannis Antetokounmpo,5.016632665466714,antetgi01,68,82,36.20588235294117,30.323529411764707,6.514705882352941,12.014705882352942,0.8823529411764706,1.1911764705882353,3.088235294117647,0.2058823529411764
79,Payton Pritchard,5.00255209945571,pritcpa01,79,82,17.27848101265823,14.354430379746836,3.5063291139240507,3.835443037974684,0.8860759493670886,0.1772151898734177,1.0506329113924051,3.189873417721519
80,Donovan Clingan,4.96777530801156,clingdo01,67,82,15.71641791044776,6.507462686567164,1.1492537313432836,7.865671641791045,0.5074626865671642,1.6417910447761197,1.0746268656716418,0.208955223880597
81,Josh Hart,4.960453547505307,hartjo01,77,82,25.24025974025974,13.64935064935065,5.883116883116883,9.571428571428571,1.5454545454545454,0.3506493506493506,2.051948051948052,1.0909090909090908
82,Jalen Johnson,4.924021480639314,johnsja05,36,82,27.83333333333333,18.88888888888889,5.027777777777778,9.97222222222222,1.5555555555555556,1.0,2.9444444444444446,1.2222222222222223
83,N'Faly Dante,4.922924793695372,nfalyda01,4,82,11.25,6.0,0.5,5.25,0.25,1.25,0.5,0.0
84,Malik Beasley,4.914939938304127,beaslma01,82,82,15.298780487804878,16.29268292682927,1.695121951219512,2.609756097560976,0.8902439024390244,0.0609756097560975,1.0121951219512195,3.890243902439024
85,Amen Thompson,4.903408350716287,thompam01,69,82,23.0072463768116,14.057971014492754,3.840579710144928,8.173913043478262,1.4057971014492754,1.289855072463768,2.0,0.3623188405797101
86,Tyrese Maxey,4.846883629459666,maxeyty01,52,82,26.423076923076923,26.32692307692308,6.096153846153846,3.3461538461538463,1.75,0.4038461538461538,2.3846153846153846,3.0961538461538463
87,Jaren Jackson Jr.,4.834847258311785,jacksja02,76,82,23.29605263157895,22.144736842105264,2.0526315789473686,5.657894736842105,1.2236842105263157,1.5,2.0526315789473686,2.026315789473684
88,Yves Missi,4.820320781659191,missiyv01,73,82,16.910958904109588,9.10958904109589,1.356164383561644,8.232876712328768,0.5068493150684932,1.3424657534246576,1.1232876712328768,0.0
89,Karl-Anthony Towns,4.809900353949362,townska01,72,82,30.729166666666668,24.43055555555556,3.083333333333333,12.77777777777778,0.9861111111111112,0.6944444444444444,2.6666666666666665,1.9722222222222223
90,Miles Bridges,4.783355279321969,bridgmi02,64,82,23.5859375,20.3125,3.875,7.515625,0.6875,0.703125,2.125,2.203125
91,Royce O'Neale,4.763111019714071,onealro01,74,82,14.466216216216216,9.14864864864865,2.189189189189189,4.662162162162162,0.9054054054054054,0.4459459459459459,0.8783783783783784,2.4054054054054053
92,Richaun Holmes,4.761895722902383,holmeri01,32,82,12.258064516129032,7.419354838709677,1.3548387096774193,5.709677419354839,0.2903225806451613,0.7419354838709677,0.6774193548387096,0.0
93,Taylor Hendricks,4.739345191564413,hendrta01,3,82,13.833333333333334,4.666666666666667,0.6666666666666666,5.0,1.6666666666666667,1.3333333333333333,0.6666666666666666,1.0
94,Cameron Johnson,4.726287617403588,johnsca02,59,82,19.55263157894737,18.771929824561404,3.4035087719298245,4.333333333333333,0.9298245614035088,0.4385964912280701,1.736842105263158,2.789473684210526
95,Miles McBride,4.7178582039385315,mcbrimi01,64,82,13.09375,9.546875,2.921875,2.515625,1.046875,0.265625,0.640625,1.796875
96,Sam Merrill,4.696707124389417,merrisa01,71,82,9.67605633802817,7.169014084507042,1.5211267605633805,2.211267605633803,0.7464788732394366,0.1971830985915492,0.4929577464788732,1.9295774647887325
97,Isaiah Joe,4.6675587635636875,joeis01,75,82,11.64,10.173333333333334,1.6,2.6533333333333333,0.64,0.12,0.5066666666666667,2.5733333333333333
98,Kevon Looney,4.634644804758326,looneke01,77,82,11.48051948051948,4.493506493506493,1.5454545454545454,6.012987012987013,0.5974025974025974,0.4805194805194805,0.5194805194805194,0.0259740259740259
99,Brandin Podziemski,4.621779715142265,podzibr01,65,82,16.6,11.538461538461538,3.4307692307692306,5.061538461538461,1.0923076923076922,0.2,1.1692307692307693,1.7846153846153847
100,Keldon Johnson,4.613815180071239,johnske04,77,82,14.246753246753247,12.714285714285714,1.6233766233766234,4.818181818181818,0.6363636363636364,0.2857142857142857,1.0,1.12987012987013
101,Thomas Bryant,4.590896734292275,bryanth01,66,82,9.87121212121212,6.5,0.803030303030303,3.803030303030303,0.4242424242424242,0.6212121212121212,0.4545454545454545,0.7272727272727273
102,Dominick Barlow,4.538728969784184,barlodo01,36,82,6.541666666666667,4.277777777777778,0.5277777777777778,2.4444444444444446,0.25,0.4722222222222222,0.1388888888888889,0.1944444444444444
103,Mo Bamba,4.495133967153865,bambamo01,32,82,9.359375,4.3125,0.5625,4.53125,0.28125,0.96875,0.625,0.46875
104,Wendell Carter Jr.,4.466648634691384,cartewe01,69,82,15.86231884057971,9.231884057971014,1.9710144927536235,7.231884057971015,0.7536231884057971,0.6231884057971014,1.1304347826086956,0.5507246376811594
105,Cason Wallace,4.458309195803094,wallaca01,69,82,14.253623188405795,8.304347826086957,2.5217391304347827,3.333333333333333,1.7681159420289856,0.5217391304347826,0.8695652173913043,1.072463768115942
106,Zach Edey,4.436344760300497,edeyza01,68,82,16.772058823529413,9.397058823529411,1.0,8.470588235294118,0.5294117647058824,1.2794117647058822,1.3529411764705883,0.2647058823529412
107,Obi Toppin,4.426599107659942,toppiob01,79,82,12.651898734177216,10.544303797468354,1.620253164556962,4.025316455696203,0.5822784810126582,0.3544303797468354,0.8607594936708861,1.3924050632911391
108,Toumani Camara,4.368556999671315,camarto01,78,82,17.442307692307693,11.307692307692308,2.243589743589744,5.769230769230769,1.4871794871794872,0.6410256410256411,1.3974358974358974,1.7307692307692308
109,Alex Caruso,4.342379444778357,carusal01,55,82,13.145454545454545,6.9818181818181815,2.4909090909090907,2.9454545454545453,1.6363636363636365,0.5454545454545454,0.6909090909090909,1.0909090909090908
110,Kevin Huerter,4.342373958212871,huertke01,70,82,12.728571428571428,9.871428571428572,2.242857142857143,2.942857142857143,0.9714285714285714,0.3428571428571428,0.9714285714285714,1.9
111,Jalen Williams,4.338184378529351,willija06,70,82,24.62142857142857,21.542857142857144,5.1,5.328571428571428,1.6142857142857143,0.7,2.171428571428572,1.7857142857142858
112,Isaiah Stewart,4.306143629547793,stewais01,72,82,13.055555555555555,6.041666666666667,1.7083333333333333,5.541666666666667,0.3888888888888889,1.4027777777777777,0.9444444444444444,0.2361111111111111
113,Peyton Watson,4.236797094758271,watsope01,68,82,12.536764705882351,8.102941176470589,1.3823529411764706,3.426470588235294,0.7058823529411765,1.3676470588235294,0.8235294117647058,0.7058823529411765
114,Dorian Finney-Smith,4.202682719000901,finnedo01,63,82,12.412698412698411,8.714285714285714,1.4285714285714286,3.920634920634921,0.9206349206349206,0.365079365079365,0.8888888888888888,2.0476190476190474
115,Derrick Jones Jr.,4.200868709110497,jonesde02,77,82,11.824675324675324,10.142857142857142,0.7792207792207793,3.415584415584416,1.025974025974026,0.4285714285714285,0.8571428571428571,1.0129870129870129
116,Ben Sheppard,4.148245829335775,sheppbe01,63,82,8.634920634920634,5.26984126984127,1.3492063492063493,2.8095238095238093,0.6031746031746031,0.2222222222222222,0.3492063492063492,1.0793650793650793
117,Tyus Jones,4.145787951065868,jonesty01,80,82,14.7125,10.1625,5.3,2.4125,0.8625,0.1,1.1125,2.0625
118,Trey Lyles,4.101035351510151,lylestr01,70,82,10.9,6.514285714285714,1.1857142857142855,4.6,0.5857142857142857,0.3285714285714285,0.5714285714285714,1.1714285714285717
119,Klay Thompson,4.0928254128548325,thompkl01,74,82,15.033783783783784,14.135135135135137,2.027027027027027,3.418918918918919,0.6891891891891891,0.4189189189189189,1.2162162162162162,3.0405405405405403
120,Jaxson Hayes,4.042655731501529,hayesja02,56,82,11.455357142857142,6.839285714285714,1.0357142857142858,4.803571428571429,0.5535714285714286,0.9107142857142856,0.7678571428571429,0.0
121,Miles Norris,4.035957729386066,norrimi01,3,82,6.5,2.333333333333333,0.0,3.0,0.6666666666666666,0.3333333333333333,0.0,0.6666666666666666
122,Johnny Juzang,4.002513265824331,juzanjo01,64,82,10.2265625,8.921875,1.0625,2.875,0.609375,0.125,0.5625,1.84375
123,Mikal Bridges,3.982455793581079,bridgmi01,82,82,18.0,17.609756097560975,3.731707317073171,3.158536585365854,0.9146341463414634,0.524390243902439,1.6097560975609757,2.0
124,Haywood Highsmith,3.9781716011869745,highsha01,76,82,10.980263157894736,6.5131578947368425,1.5263157894736843,3.460526315789474,0.9210526315789472,0.5,0.7236842105263158,1.2105263157894737
125,Trayce Jackson-Davis,3.976202489565682,jackstr02,62,82,11.28225806451613,6.564516129032258,1.6774193548387095,5.016129032258065,0.3709677419354839,0.6129032258064516,0.7258064516129032,0.0
126,John Collins,3.9475884733139734,collijo01,40,82,22.0875,18.95,2.0,8.175,0.975,1.0,2.575,1.475
127,Julian Champagnie,3.9386225512259863,champju02,82,82,12.725609756097562,9.939024390243905,1.353658536585366,3.8780487804878048,0.7439024390243902,0.4268292682926829,0.902439024390244,2.1707317073170733
128,Ausar Thompson,3.9251295047235963,thompau01,59,82,15.90677966101695,10.067796610169491,2.2711864406779663,5.135593220338983,1.6610169491525424,0.6779661016949152,1.3559322033898304,0.1864406779661017
129,Keon Ellis,3.8913916187019995,elliske01,81,82,12.814814814814817,8.333333333333334,1.4938271604938271,2.6296296296296298,1.4938271604938271,0.7777777777777778,0.8888888888888888,1.7407407407407407
130,Aaron Wiggins,3.880322894761929,wiggiaa01,77,82,13.571428571428571,11.87012987012987,1.7402597402597402,3.8701298701298703,0.7792207792207793,0.2337662337662337,0.8961038961038961,1.6883116883116882
131,Bol Bol,3.862366114391281,bolbo01,36,82,8.694444444444445,6.777777777777778,0.6111111111111112,2.888888888888889,0.25,0.6944444444444444,0.5555555555555556,0.8888888888888888
132,Precious Achiuwa,3.8137865553711405,achiupr01,57,82,12.324561403508772,6.649122807017544,0.9649122807017544,5.56140350877193,0.8245614035087719,0.7368421052631579,0.7894736842105263,0.175438596491228
133,De'Andre Hunter,3.8053426764477045,huntede01,64,82,15.9140625,17.0,1.4375,4.03125,0.78125,0.203125,1.28125,2.453125
134,Dillon Brooks,3.80283018613049,brookdi01,75,82,14.646666666666668,14.04,1.7066666666666668,3.6666666666666665,0.8,0.2133333333333333,1.0133333333333334,2.48
135,Sandro Mamukelashvili,3.787553971427289,mamuksa01,61,82,8.385245901639344,6.311475409836065,0.7868852459016393,3.065573770491804,0.360655737704918,0.2786885245901639,0.4262295081967213,0.9836065573770492
136,Alex Reese,3.77430918309701,reeseal01,15,82,8.7,5.066666666666666,0.2666666666666666,3.1333333333333333,0.6666666666666666,0.6666666666666666,0.4,1.0
137,Caris LeVert,3.7714345497033683,leverca01,66,82,15.174242424242424,12.090909090909092,3.393939393939394,3.272727272727273,0.9090909090909092,0.5,1.196969696969697,1.6515151515151516
138,Ochai Agbaji,3.7703129975240417,agbajoc01,64,82,13.21875,10.421875,1.53125,3.78125,0.90625,0.46875,0.84375,1.578125
139,Torrey Craig,3.7517797831116324,craigto01,25,82,7.4,4.24,0.68,2.84,0.32,0.48,0.32,0.96
140,Terry Rozier,3.721320335107788,roziete01,64,82,12.71875,10.609375,2.609375,3.71875,0.578125,0.21875,1.21875,1.421875
141,Isaiah Jackson,3.6969264291082906,jacksis01,5,82,13.5,7.0,1.0,5.6,0.6,1.6,1.0,0.0
142,John Konchar,3.6945011126050495,konchjo01,48,82,7.364583333333333,2.5625,0.9166666666666666,3.375,0.6458333333333334,0.2916666666666667,0.3333333333333333,0.5
143,Max Strus,3.6793988633750097,strusma01,50,82,13.78,9.42,3.16,4.34,0.52,0.24,1.08,2.26
144,Moses Moody,3.6657557042965836,moodymo01,75,82,11.306666666666668,9.773333333333332,1.2933333333333332,2.56,0.8,0.4266666666666667,0.7333333333333333,1.6933333333333334
145,Nae'Qwan Tomlin,3.6573875333797066,tomlina01,5,82,8.6,7.2,0.4,4.2,0.0,0.2,0.4,0.4
146,Isaac Okoro,3.6378732343489846,okorois01,55,82,8.5,6.127272727272727,1.2363636363636363,2.363636363636364,0.5818181818181818,0.2909090909090909,0.4181818181818181,1.018181818181818
147,Duop Reath,3.6236591926877706,reathdu01,46,82,5.826086956521739,4.217391304347826,0.5652173913043478,2.0,0.2608695652173913,0.3043478260869565,0.3478260869565217,0.7391304347826086
148,Jared Rhoden,3.591625350224075,rhodeja01,14,82,9.928571428571429,8.428571428571429,1.1428571428571428,3.0,0.7142857142857143,0.1428571428571428,0.6428571428571429,0.8571428571428571
149,Noah Clowney,3.586826359211929,clownno01,48,82,11.271739130434783,9.130434782608695,0.8695652173913043,3.934782608695652,0.5217391304347826,0.4565217391304347,1.0,1.891304347826087
150,Keion Brooks Jr.,3.570684122629226,brookke02,14,82,12.714285714285714,10.142857142857142,0.9285714285714286,4.142857142857143,0.7142857142857143,0.7142857142857143,0.8571428571428571,1.0
151,Ryan Dunn,3.545047261050189,dunnry01,73,82,10.273972602739724,6.986301369863014,0.7808219178082192,3.643835616438356,0.6027397260273972,0.547945205479452,0.547945205479452,1.1232876712328768
152,CJ McCollum,3.5139924924686152,mccolcj01,56,82,20.714285714285715,21.125,4.053571428571429,3.7857142857142856,0.8214285714285714,0.4285714285714285,1.8928571428571428,3.0535714285714284
153,Adam Flagler,3.507171739837884,flaglad01,37,82,2.608108108108108,1.7567567567567568,0.3243243243243243,0.7297297297297297,0.2162162162162162,0.081081081081081,0.1081081081081081,0.3783783783783784
154,Moussa Diabaté,3.5004614254100685,diabamo01,71,82,11.45774647887324,5.676056338028169,0.7887323943661971,6.169014084507042,0.647887323943662,0.5633802816901409,0.8591549295774648,0.0
155,Alec Burks,3.500264477635138,burksal01,51,82,9.058823529411764,7.117647058823529,1.156862745098039,2.5686274509803924,0.5882352941176471,0.1568627450980392,0.5882352941176471,1.7450980392156863
156,Jerami Grant,3.4997978701305748,grantje01,47,82,16.28723404255319,14.404255319148936,2.148936170212766,3.4680851063829787,0.8723404255319149,0.9787234042553192,1.3829787234042554,2.297872340425532
157,Daniel Theis,3.4692542791687826,theisda01,38,82,9.513157894736842,4.2631578947368425,1.5789473684210529,4.315789473684211,0.4736842105263157,0.5263157894736842,0.6578947368421053,0.2368421052631578
158,Dyson Daniels,3.4592639927921427,daniedy01,78,82,23.47435897435897,13.987179487179487,4.410256410256411,6.038461538461538,2.9743589743589745,0.7307692307692307,2.025641025641025,1.0384615384615383
159,Jamison Battle,3.448887938255506,battlja01,59,82,8.474576271186441,7.101694915254237,0.8983050847457628,2.6779661016949152,0.288135593220339,0.1694915254237288,0.4576271186440678,1.7796610169491525
160,Jamal Murray,3.4211978500607474,murraja01,67,82,23.59701492537313,21.432835820895523,6.014925373134329,3.895522388059701,1.3582089552238803,0.4925373134328358,2.0597014925373136,2.328358208955224
161,P.J. Washington,3.4136936100466952,washipj01,59,82,20.533898305084747,14.457627118644067,2.3389830508474576,7.745762711864407,1.1355932203389831,1.0169491525423728,2.101694915254237,1.5593220338983051
162,Kessler Edwards,3.4104743960841652,edwarke02,40,82,7.875,4.2,1.05,2.875,0.475,0.5,0.4,0.55
163,Karlo Matković,3.4024980683484047,matkoka01,42,82,12.261904761904765,7.738095238095238,1.0952380952380951,4.976190476190476,0.5238095238095238,0.9761904761904762,1.0238095238095235,0.5
164,KJ Martin,3.398561360191567,martike04,43,82,8.63953488372093,6.372093023255814,1.1162790697674418,2.9069767441860463,0.3953488372093023,0.5116279069767442,0.5581395348837209,0.3488372093023256
165,Ziaire Williams,3.387838633460998,willizi02,65,82,13.547619047619047,10.031746031746032,1.3333333333333333,4.555555555555555,0.984126984126984,0.4444444444444444,1.0634920634920637,1.6349206349206349
166,Andrew Wiggins,3.3811391972467133,wiggian01,62,82,19.532258064516128,18.032258064516128,2.7096774193548385,4.612903225806452,1.0,0.8387096774193549,1.6612903225806452,2.193548387096774
167,Nick Richards,3.3609301583616995,richani01,56,82,14.669642857142858,9.089285714285714,0.8571428571428571,7.982142857142857,0.25,0.9642857142857144,1.4107142857142858,0.0
168,Kentavious Caldwell-Pope,3.3475131807158904,caldwke01,78,82,11.692307692307692,8.692307692307692,1.7692307692307692,2.230769230769231,1.2692307692307692,0.4358974358974359,0.7948717948717948,1.4615384615384617
169,Kenrich Williams,3.3396401514054297,willike04,70,82,9.457142857142856,6.271428571428571,1.4,3.4714285714285715,0.6142857142857143,0.1428571428571428,0.5714285714285714,0.9571428571428572
170,Nicolas Batum,3.336744104210408,batumni01,78,82,8.262820512820513,4.012820512820513,1.0769230769230769,2.7948717948717947,0.6666666666666666,0.4615384615384615,0.4358974358974359,1.1282051282051282
171,Jeff Dowtin,3.306464206693759,dowtije01,41,82,8.573170731707316,6.951219512195122,1.902439024390244,1.4634146341463414,0.5853658536585366,0.2926829268292683,0.3658536585365853,0.6829268292682927
172,Franz Wagner,3.291199181436692,wagnefr01,61,82,24.37704918032787,23.9672131147541,4.704918032786885,5.819672131147541,1.2622950819672132,0.360655737704918,2.295081967213114,1.7049180327868851
173,Kevin Love,3.2680233973798947,loveke01,23,82,9.26086956521739,5.304347826086956,0.9565217391304348,4.086956521739131,0.6521739130434783,0.1739130434782608,0.6086956521739131,1.0434782608695652
174,Jrue Holiday,3.2642179528852866,holidjr01,61,82,16.147540983606557,11.049180327868852,3.7868852459016393,4.245901639344262,1.0327868852459017,0.4262295081967213,1.2295081967213115,1.7704918032786885
175,Tony Bradley,3.237636223841636,bradlto01,14,82,6.928571428571429,4.357142857142857,0.4285714285714285,3.0,0.1428571428571428,0.6428571428571429,0.3571428571428571,0.0714285714285714
176,Domantas Sabonis,3.222468821626282,sabondo01,71,82,30.232394366197184,18.985915492957748,6.028169014084507,13.873239436619718,0.704225352112676,0.3661971830985915,2.915492957746479,0.9154929577464788
177,Jeremiah Robinson-Earl,3.207462803434768,robinje02,66,82,10.37878787878788,6.333333333333333,1.3333333333333333,4.7727272727272725,0.5909090909090909,0.106060606060606,0.7727272727272727,0.8484848484848485
178,Gary Payton II,3.1598608298844475,paytoga02,63,82,9.468253968253968,6.53968253968254,1.3333333333333333,2.9682539682539684,0.8412698412698413,0.2857142857142857,0.6190476190476191,0.5238095238095238
179,Kyle Anderson,3.156232179440141,anderky01,63,82,10.682539682539682,5.746031746031746,2.412698412698413,3.3174603174603177,0.6507936507936508,0.5714285714285714,0.6031746031746031,0.4126984126984127
180,Delon Wright,3.1391607403776165,wrighde01,40,82,7.1875,3.125,1.925,1.65,0.875,0.3,0.55,0.5
181,Kai Jones,3.138101844424088,joneska01,40,82,7.7125,4.95,0.625,3.125,0.375,0.575,0.45,0.025
182,Monte Morris,3.1147532354885907,morrimo01,45,82,6.6,5.177777777777778,1.6222222222222222,1.488888888888889,0.4444444444444444,0.0666666666666666,0.4666666666666667,0.6888888888888889
183,Zeke Nnaji,3.112343575440522,nnajize01,57,82,5.7105263157894735,3.2280701754385963,0.4035087719298245,1.5789473684210529,0.4385964912280701,0.6666666666666666,0.2456140350877192,0.2982456140350877
184,Cody Martin,3.086950233401918,martico01,53,82,12.349056603773583,6.754716981132075,1.981132075471698,4.226415094339623,1.0566037735849056,0.6037735849056604,0.9622641509433962,0.8113207547169812
185,Corey Kispert,3.0788135709988147,kispeco01,62,82,11.68032786885246,11.557377049180328,1.6885245901639343,2.9672131147540983,0.4262295081967213,0.2295081967213114,1.0491803278688523,1.9672131147540983
186,Cam Whitmore,3.0722582008813752,whitmca01,51,82,10.098039215686274,9.352941176470589,0.9607843137254902,2.9607843137254903,0.6078431372549019,0.2549019607843137,0.9019607843137256,1.2745098039215683
187,Donte DiVincenzo,3.0704271850739078,divindo01,62,82,15.862903225806452,11.661290322580646,3.629032258064516,3.6774193548387095,1.1774193548387095,0.2741935483870967,1.596774193548387,2.806451612903226
188,Jabari Walker,3.058863975927917,walkeja01,60,82,7.725,5.216666666666667,0.6166666666666667,3.5166666666666666,0.55,0.1,0.5666666666666667,0.4666666666666667
189,Terance Mann,3.0568369206683847,mannte01,69,82,10.079710144927535,7.594202898550725,1.7826086956521738,2.927536231884058,0.6956521739130435,0.217391304347826,0.6956521739130435,0.8840579710144928
190,Cole Swider,3.0562779863091656,swideco01,10,82,7.5,5.9,0.3,2.7,0.4,0.2,0.4,1.5
191,Branden Carlson,3.0364804439601114,carlsbr01,33,82,5.666666666666667,3.696969696969697,0.4242424242424242,1.6666666666666667,0.1515151515151515,0.6363636363636364,0.2121212121212121,0.6666666666666666
192,Alex Sarr,3.0357951937684318,sarral01,67,82,18.984848484848484,12.984848484848484,2.4242424242424243,6.53030303030303,0.6666666666666666,1.4848484848484849,1.7121212121212122,1.5909090909090908
193,Marvin Bagley III,3.0313917426914,baglema01,32,82,6.109375,4.4375,0.34375,2.78125,0.28125,0.28125,0.4375,0.09375
194,Dalton Knecht,3.029822013794348,knechda01,78,82,9.307692307692308,9.051282051282053,0.8461538461538461,2.769230769230769,0.3076923076923077,0.1025641025641025,0.4743589743589743,1.641025641025641
195,Christian Koloko,3.027377045400587,kolokch01,37,82,5.108108108108108,2.4324324324324325,0.4324324324324324,2.4864864864864864,0.2162162162162162,0.4324324324324324,0.3243243243243243,0.0
196,Neemias Queta,3.0213149822022585,quetane01,61,82,8.39344262295082,5.016393442622951,0.7377049180327869,3.836065573770492,0.2950819672131147,0.6885245901639344,0.6557377049180327,0.0
197,Paul Reed,3.012584111759881,reedpa01,45,82,8.11111111111111,4.088888888888889,0.9777777777777776,2.7333333333333334,0.8666666666666667,0.5555555555555556,0.5777777777777777,0.1777777777777777
198,Jonas Valančiūnas,3.011208869028425,valanjo01,83,82,15.73780487804878,10.329268292682928,2.0,7.658536585365853,0.4512195121951219,0.5853658536585366,1.4634146341463414,0.0975609756097561
199,Day'Ron Sharpe,2.966677972317231,sharpda01,51,82,14.64,7.94,1.82,6.6,0.82,0.84,1.26,0.22
200,Nikola Jović,2.963938375132531,jovicni01,46,82,13.891304347826088,10.73913043478261,2.847826086956522,3.9130434782608696,0.8260869565217391,0.2826086956521739,1.3043478260869563,1.6956521739130437
201,Caleb Houstan,2.9570576887228945,houstca01,59,82,5.211864406779661,4.050847457627119,0.5932203389830508,1.3220338983050848,0.3728813559322034,0.1016949152542373,0.2203389830508474,1.0847457627118644
202,Cam Reddish,2.949436226200188,reddica01,33,82,6.696969696969697,3.1818181818181817,0.6666666666666666,2.0,1.0,0.303030303030303,0.3636363636363636,0.3939393939393939
203,Jordan Goodwin,2.94549070632051,goodwjo01,29,82,10.46551724137931,5.551724137931035,1.4482758620689655,3.8620689655172415,1.0344827586206895,0.3793103448275862,0.896551724137931,0.896551724137931
204,Charles Bassey,2.931453083255323,bassech01,36,82,8.73611111111111,4.361111111111111,0.4722222222222222,4.222222222222222,0.3888888888888889,0.8333333333333334,0.6388888888888888,0.0
205,Buddy Hield,2.910400423442976,hieldbu01,83,82,12.680722891566266,11.012048192771084,1.6265060240963856,3.180722891566265,0.8433734939759037,0.2771084337349397,1.0963855421686748,2.4457831325301207
206,Jarred Vanderbilt,2.900934273354241,vandeja01,36,82,10.055555555555555,4.083333333333333,1.1388888888888888,5.055555555555555,0.9722222222222222,0.2777777777777778,0.8055555555555556,0.25
207,A.J. Lawson,2.8677537366284414,lawsoaj01,26,82,10.634615384615383,9.076923076923077,1.1923076923076923,3.3076923076923075,0.5,0.2307692307692307,0.5769230769230769,1.2692307692307692
208,JT Thor,2.8444830261539975,thorjt01,19,82,5.631578947368421,3.473684210526316,0.3157894736842105,2.210526315789474,0.3684210526315789,0.4736842105263157,0.4736842105263157,0.3157894736842105
209,Lonzo Ball,2.827705749422135,balllo01,35,82,13.914285714285716,7.628571428571429,3.2857142857142856,3.3714285714285714,1.3428571428571427,0.4857142857142857,1.1714285714285717,1.9142857142857144
210,Olivier-Maxence Prosper,2.8190777215038194,prospol01,52,82,6.201923076923077,3.865384615384616,0.7692307692307693,2.423076923076923,0.5,0.1153846153846153,0.2692307692307692,0.2307692307692307
211,Andre Drummond,2.780421317615466,drumman01,40,82,13.9,7.325,0.85,7.75,0.975,0.45,1.375,0.075
212,Lindy Waters III,2.77872599431758,waterli01,52,82,7.269230769230769,4.923076923076923,1.0,2.1153846153846154,0.5192307692307693,0.2115384615384615,0.3846153846153846,1.2307692307692308
213,Amir Coffey,2.7779850445806424,coffeam01,72,82,9.520833333333334,9.666666666666666,1.0694444444444444,2.236111111111111,0.5555555555555556,0.0972222222222222,0.625,1.4027777777777777
214,Tre Jones,2.7690049436167197,jonestr01,46,82,11.793478260869565,7.173913043478261,4.173913043478261,2.5217391304347827,0.8043478260869565,0.217391304347826,0.7608695652173914,0.4130434782608695
215,Jaylen Wells,2.7397832233136743,wellsja01,79,82,11.639240506329116,10.417721518987342,1.7088607594936709,3.392405063291139,0.5569620253164557,0.1012658227848101,0.8734177215189873,1.7468354430379749
216,Ricky Council IV,2.7188324280787093,councri01,73,82,8.842465753424657,7.287671232876712,1.3287671232876712,2.9315068493150687,0.4383561643835616,0.1780821917808219,0.7123287671232876,0.7534246575342466
217,A.J. Green,2.69974933650455,greenaj01,74,82,9.27027027027027,7.432432432432432,1.4864864864864864,2.364864864864865,0.5135135135135135,0.0945945945945946,0.581081081081081,2.135135135135135
218,Matas Buzelis,2.684898738063916,buzelma01,81,82,11.08641975308642,8.604938271604938,1.0,3.506172839506173,0.3703703703703703,0.925925925925926,0.925925925925926,1.1975308641975309
219,Jay Huff,2.680907525346501,huffja01,65,82,8.261538461538462,6.753846153846154,0.5846153846153846,1.984615384615385,0.2461538461538461,0.8615384615384616,0.5230769230769231,1.2461538461538462
220,Immanuel Quickley,2.66730899252961,quickim01,33,82,19.10606060606061,17.09090909090909,5.787878787878788,3.5454545454545454,0.696969696969697,0.1212121212121212,1.7575757575757576,2.575757575757576
221,Quinten Post,2.6579764823364,postqu01,43,82,10.686046511627907,8.162790697674419,1.3488372093023255,3.558139534883721,0.3953488372093023,0.4186046511627907,0.813953488372093,1.7674418604651163
222,Alperen Şengün,2.655218256604914,sengual01,76,82,26.88157894736842,19.09210526315789,4.894736842105263,10.342105263157896,1.105263157894737,0.8026315789473685,2.5526315789473686,0.2763157894736842
223,Mike Conley,2.6522008012512384,conlemi01,71,82,13.626760563380282,8.19718309859155,4.492957746478873,2.563380281690141,1.1126760563380282,0.1971830985915492,1.056338028169014,1.7887323943661972
224,Jeremy Sochan,2.6410989779005574,sochaje01,54,82,16.12037037037037,11.425925925925926,2.3703703703703702,6.518518518518518,0.8333333333333334,0.5,1.5555555555555556,0.5185185185185185
225,Jae Crowder,2.626578889392621,crowdja01,9,82,4.611111111111111,2.555555555555556,0.6666666666666666,2.2222222222222223,0.3333333333333333,0.0,0.4444444444444444,0.4444444444444444
226,Jackson Rowe,2.617733906964525,roweja01,6,82,5.75,3.6666666666666665,0.6666666666666666,1.8333333333333333,0.6666666666666666,0.0,0.1666666666666666,0.5
227,Kevin McCullar Jr.,2.581220027853157,mcculke01,4,82,4.25,1.5,0.5,2.0,0.25,0.25,0.0,0.0
228,Kris Dunn,2.554947284961882,dunnkr01,74,82,13.12837837837838,6.405405405405405,2.8378378378378377,3.391891891891892,1.7297297297297298,0.3648648648648648,1.0,1.0135135135135136
229,Pat Connaughton,2.5535768877774636,connapa01,42,82,7.619047619047619,5.142857142857143,1.6904761904761905,2.595238095238096,0.2142857142857142,0.2619047619047619,0.5714285714285714,0.6190476190476191
230,Quenton Jackson,2.5401127827847727,jacksqu01,28,82,7.910714285714286,5.785714285714286,1.8928571428571428,1.5714285714285714,0.75,0.1785714285714285,0.5714285714285714,0.5357142857142857
231,Herbert Jones,2.539367082121518,joneshe01,20,82,15.675,10.25,3.25,3.9,1.85,0.45,1.75,1.1
232,Micah Potter,2.521130028701779,pottemi01,38,82,8.328947368421053,4.2631578947368425,0.8157894736842105,4.315789473684211,0.3684210526315789,0.3684210526315789,0.8157894736842105,0.8157894736842105
233,Yuri Collins,2.483385011648652,colliyu01,2,82,6.0,1.0,2.0,1.5,1.0,0.0,0.0,0.0
234,Aaron Gordon,2.4794732342882035,gordoaa01,51,82,16.205882352941178,14.666666666666666,3.215686274509804,4.8431372549019605,0.4509803921568627,0.2745098039215686,1.431372549019608,1.4705882352941178
235,Scottie Barnes,2.4737301096934026,barnesc01,65,82,26.13846153846153,19.26153846153846,5.815384615384615,7.723076923076923,1.4307692307692308,0.9692307692307692,2.8461538461538463,1.1692307692307693
236,Donovan Mitchell,2.4705160666781563,mitchdo01,71,82,24.309859154929576,23.95774647887324,4.985915492957746,4.535211267605634,1.3380281690140845,0.2394366197183098,2.0985915492957745,3.2816901408450705
237,Bogdan Bogdanović,2.4697172700733008,bogdabo01,54,82,12.592592592592592,10.796296296296296,2.703703703703704,2.9444444444444446,0.7592592592592593,0.2037037037037037,1.3703703703703705,1.9444444444444444
238,Jalen Wilson,2.458820420759113,wilsoja03,81,82,10.90506329113924,9.481012658227847,1.835443037974684,3.4177215189873418,0.5063291139240507,0.0632911392405063,1.0,1.5443037974683544
239,Lonnie Walker IV,2.4412159957594612,walkelo01,20,82,13.25,12.35,2.5,3.15,0.5,0.25,1.25,2.25
240,Justin Edwards,2.4280612205282193,edwarju01,44,82,12.454545454545457,10.113636363636363,1.568181818181818,3.363636363636364,1.0227272727272727,0.3636363636363636,1.1136363636363635,1.568181818181818
241,Vit Krejci,2.421893315746087,krejcvi01,59,82,10.694915254237287,6.983050847457627,2.52542372881356,2.6610169491525424,0.6101694915254238,0.4406779661016949,0.864406779661017,1.5254237288135593
242,Elijah Harkless,2.41078763423791,harklej01,10,82,6.75,3.2,0.8,2.1,1.0,0.1,0.3,0.7
243,Taurean Prince,2.394579296729031,princta02,81,82,11.75925925925926,8.17283950617284,1.938271604938272,3.567901234567901,0.9382716049382716,0.1851851851851851,1.0123456790123455,1.839506172839506
244,Jeff Green,2.378146646770662,greenje02,32,82,5.921875,5.375,0.625,1.8125,0.1875,0.125,0.28125,0.90625
245,Julian Phillips,2.377160896312997,phillju01,80,82,6.3125,4.575,0.4875,2.1125,0.475,0.25,0.3375,0.625
246,Garrison Mathews,2.343425433745364,mathega01,47,82,8.872340425531915,7.51063829787234,1.2765957446808511,1.851063829787234,0.5531914893617021,0.3191489361702128,0.6595744680851063,1.8085106382978724
247,Josh Okogie,2.330355945257492,okogijo01,40,82,10.1375,7.075,0.825,2.825,1.2,0.45,0.775,0.8
248,Zaccharie Risacher,2.328710369514175,risacza01,77,82,12.876623376623376,12.363636363636363,1.1948051948051948,3.51948051948052,0.7012987012987013,0.4805194805194805,1.1948051948051948,1.5974025974025974
249,Moses Brown,2.325629563687559,brownmo01,13,82,7.230769230769231,5.846153846153846,0.1538461538461538,3.3846153846153846,0.4615384615384615,0.3076923076923077,0.8461538461538461,0.0
250,Bruce Brown,2.322193038886252,brownbr01,41,82,11.71951219512195,8.292682926829269,2.048780487804878,4.0,0.8292682926829268,0.2439024390243902,0.951219512195122,0.6585365853658537
251,Oso Ighodaro,2.288789059443279,ighodos01,61,82,8.12295081967213,4.180327868852459,1.1639344262295082,3.639344262295082,0.4590163934426229,0.4754098360655737,0.639344262295082,0.0
252,James Wiseman,2.26864755599897,wisemja01,1,82,4.0,6.0,0.0,1.0,0.0,0.0,0.0,0.0
253,Drew Peterson,2.266123127256523,peterdr01,25,82,3.7,2.16,0.52,1.6,0.2,0.08,0.32,0.52
254,Grayson Allen,2.2586943796020877,allengr01,63,82,12.833333333333334,10.666666666666666,2.1587301587301586,3.015873015873016,0.8571428571428571,0.3015873015873015,1.1746031746031746,2.333333333333333
255,Mason Plumlee,2.250329937542321,plumlma01,73,82,11.595890410958903,4.506849315068493,1.8356164383561644,6.123287671232877,0.4383561643835616,0.6438356164383562,0.8082191780821918,0.0
256,Jock Landale,2.243621926011971,landajo01,42,82,7.273809523809524,4.761904761904762,0.8809523809523809,3.261904761904762,0.3095238095238095,0.238095238095238,0.5,0.2619047619047619
257,Kylor Kelley,2.2406856934197066,kelleky01,11,82,6.0,3.090909090909091,0.4545454545454545,3.5454545454545454,0.0909090909090909,0.2727272727272727,0.3636363636363636,0.0
258,Drew Timme,2.2395313044228216,timmedr01,10,82,15.77777777777778,12.11111111111111,2.2222222222222223,7.222222222222222,0.4444444444444444,0.1111111111111111,1.6666666666666667,1.0
259,Guerschon Yabusele,2.239495427099402,yabusgu01,70,82,15.128571428571428,10.971428571428572,2.1142857142857143,5.642857142857143,0.8285714285714286,0.3428571428571428,1.2428571428571429,1.4857142857142858
260,Gary Harris,2.2334104142685023,harriga01,49,82,5.051020408163265,3.020408163265306,0.6122448979591837,1.3061224489795915,0.5510204081632653,0.2448979591836734,0.3469387755102041,0.7551020408163265
261,Norman Powell,2.2232552943164556,powelno01,60,82,18.60833333333333,21.766666666666666,2.083333333333333,3.1666666666666665,1.2166666666666666,0.15,1.8,2.9833333333333334
262,Jordan Hawkins,2.2094197456555493,hawkijo01,56,82,11.232142857142858,10.785714285714286,1.1785714285714286,2.821428571428572,0.5357142857142857,0.4107142857142857,1.0357142857142858,1.9642857142857144
263,Jordan Walsh,2.2006991312007385,walshjo01,52,82,3.1826923076923075,1.5769230769230769,0.3653846153846153,1.3269230769230769,0.2307692307692307,0.2115384615384615,0.3269230769230769,0.2884615384615384
264,Georges Niang,2.147882518266985,niangge01,81,82,11.037037037037036,10.11111111111111,1.4197530864197532,3.4444444444444446,0.3703703703703703,0.1728395061728395,1.0246913580246917,2.08641975308642
265,Chris Paul,2.146001687447834,paulch01,82,82,17.871951219512194,8.817073170731707,7.378048780487805,3.609756097560976,1.2560975609756098,0.2682926829268293,1.5731707317073171,1.7073170731707317
266,Landry Shamet,2.140323327721643,shamela01,50,82,5.8,5.72,0.54,1.22,0.46,0.04,0.44,1.24
267,Tristan Vukcevic,2.128872647263253,vukcetr01,35,82,10.764705882352942,9.470588235294118,1.1470588235294117,3.647058823529412,0.3235294117647059,0.6176470588235294,1.2352941176470589,1.1176470588235294
268,Dariq Whitehead,2.109783000987246,whiteda01,21,82,5.675,5.7,0.6,1.45,0.3,0.05,0.75,1.65
269,Kris Murray,2.0735489133203338,murrakr01,69,82,6.797101449275362,4.159420289855072,0.9855072463768116,2.63768115942029,0.5072463768115942,0.2463768115942029,0.6231884057971014,0.391304347826087
270,Adem Bona,2.0612642008145414,bonaad01,58,82,9.870689655172416,5.810344827586207,0.4655172413793103,4.224137931034483,0.4482758620689655,1.1896551724137931,1.0517241379310345,0.0
271,Simone Fontecchio,2.058327554337321,fontesi01,75,82,7.64,5.946666666666666,0.8666666666666667,2.8666666666666667,0.4133333333333333,0.16,0.72,1.0133333333333334
272,Tristan Da Silva,2.0498770801704795,dasiltr01,75,82,9.526666666666667,7.16,1.5066666666666666,3.28,0.44,0.24,0.7466666666666667,1.0666666666666669
273,Josh Minott,2.0433050276610594,minotjo01,46,82,3.793478260869565,2.5869565217391304,0.391304347826087,1.0217391304347827,0.3260869565217391,0.2608695652173913,0.2391304347826087,0.3043478260869565
274,Jamal Cain,2.038460061796453,cainja01,37,82,7.027027027027027,5.297297297297297,0.5945945945945946,2.2972972972972974,0.6216216216216216,0.2432432432432432,0.5945945945945946,0.7027027027027027
275,Emanuel Miller,2.0278855672492453,milleem01,6,82,2.833333333333333,1.6666666666666667,0.3333333333333333,1.3333333333333333,0.1666666666666666,0.0,0.0,0.0
276,P.J. Tucker,2.017284320985124,tuckepj01,3,82,5.666666666666667,3.0,0.0,2.6666666666666665,0.3333333333333333,0.3333333333333333,0.3333333333333333,1.0
277,Maxi Kleber,2.005812241742521,klebima01,34,82,6.617647058823529,3.0294117647058822,1.2647058823529411,2.794117647058824,0.2647058823529412,0.5,0.6764705882352942,0.3823529411764705
278,De'Aaron Fox,2.005531908649173,foxde01,62,82,25.024193548387096,23.532258064516128,6.32258064516129,4.806451612903226,1.467741935483871,0.4032258064516129,2.806451612903226,1.903225806451613
279,Kevin Knox,2.000296421123468,knoxke01,14,82,3.928571428571429,3.2857142857142856,0.3571428571428571,1.2142857142857142,0.1428571428571428,0.2857142857142857,0.2857142857142857,0.2857142857142857
280,Leonard Miller,1.976227273004323,millele01,13,82,1.9230769230769231,1.5384615384615383,0.0,0.8461538461538461,0.1538461538461538,0.0769230769230769,0.1538461538461538,0.0
281,Jonathan Mogbo,1.9740291663734084,mogbojo01,63,82,12.26984126984127,6.174603174603175,2.3174603174603177,4.936507936507937,0.873015873015873,0.5396825396825397,1.1111111111111112,0.2698412698412698
282,Desmond Bane,1.9612046402230991,banede01,71,82,23.20422535211268,19.422535211267604,5.380281690140845,6.042253521126761,1.1690140845070425,0.4084507042253521,2.492957746478873,2.422535211267605
283,Gabe Vincent,1.9522785048122258,vincega01,72,82,7.798611111111111,6.388888888888889,1.3611111111111112,1.2777777777777777,0.7083333333333334,0.1805555555555555,0.5694444444444444,1.5138888888888888
284,DaQuan Jeffries,1.9316498174101018,jeffrda01,47,82,9.361702127659576,6.702127659574468,1.127659574468085,2.872340425531915,0.5531914893617021,0.5319148936170213,0.7446808510638298,1.1702127659574468
285,Jaylen Clark,1.922580019842049,clarkja02,40,82,5.9875,4.075,0.65,1.325,0.9,0.05,0.2,0.55
286,Phillip Wheeler,1.9065037208403501,wheelph02,5,82,3.8,1.6,0.4,1.6,0.2,0.4,0.2,0.0
287,Oshae Brissett,1.8809334950999272,brissos01,6,82,10.166666666666666,8.666666666666666,0.6666666666666666,3.6666666666666665,0.6666666666666666,0.5,1.3333333333333333,1.0
288,Jae'Sean Tate,1.8534662727457516,tateja01,52,82,5.961538461538462,3.615384615384616,0.903846153846154,2.25,0.5,0.1346153846153846,0.4230769230769231,0.3076923076923077
289,Bismack Biyombo,1.8499884670173714,biyombi01,28,82,11.25,5.142857142857143,1.1071428571428572,5.642857142857143,0.5714285714285714,0.8214285714285714,0.9642857142857144,0.0
290,Brandon Boston Jr.,1.829297950527913,bostobr01,42,82,13.011904761904765,10.666666666666666,2.1904761904761907,3.1904761904761907,1.261904761904762,0.2142857142857142,1.238095238095238,1.1666666666666667
291,Gui Santos,1.8173793067527158,santogu01,57,82,7.263157894736842,4.035087719298246,1.4035087719298245,3.0701754385964914,0.4385964912280701,0.175438596491228,0.7543859649122807,0.5964912280701754
292,Hunter Tyson,1.8163425651321774,tysonhu01,51,82,3.813725490196079,2.627450980392157,0.392156862745098,1.5294117647058822,0.196078431372549,0.1176470588235294,0.2745098039215686,0.4509803921568627
293,Patrick Baldwin Jr.,1.811857320706164,baldwpa01,24,82,2.75,2.208333333333333,0.125,1.0416666666666667,0.125,0.0833333333333333,0.2083333333333333,0.5416666666666666
294,Kyle Filipowski,1.8084097175187026,filipky01,72,82,14.09027777777778,9.583333333333334,1.9444444444444444,6.111111111111111,0.6666666666666666,0.3055555555555556,1.4166666666666667,1.0694444444444444
295,Cam Spencer,1.789264502859113,spencca01,25,82,5.62,4.24,1.36,1.2,0.36,0.04,0.24,0.76
296,Tidjane Salaün,1.7818913131548968,salauti01,60,82,9.825,5.883333333333334,1.2333333333333334,4.666666666666667,0.4833333333333333,0.2333333333333333,0.9666666666666668,0.9666666666666668
297,Ajay Mitchell,1.7771526310443353,mitchaj01,37,82,8.027027027027026,6.45945945945946,1.7837837837837838,1.891891891891892,0.6756756756756757,0.1081081081081081,0.7837837837837838,0.6216216216216216
298,Tosan Evbuomwan,1.7725100033733237,evbuoto01,29,82,12.482142857142858,9.535714285714286,1.9642857142857144,4.285714285714286,0.8571428571428571,0.3571428571428571,1.3928571428571428,0.8571428571428571
299,Stanley Umude,1.7718327529404807,umudest01,22,82,2.0454545454545454,0.6818181818181818,0.1818181818181818,0.7727272727272727,0.1363636363636363,0.2727272727272727,0.1363636363636363,0.1363636363636363
300,Doug McDermott,1.7468385822836325,mcderdo01,43,82,3.011627906976744,3.4186046511627906,0.1627906976744186,0.5116279069767442,0.0930232558139534,0.0465116279069767,0.1627906976744186,1.0232558139534884
301,Julian Strawther,1.726331642916006,strawju01,65,82,9.523076923076925,9.046153846153846,1.2769230769230768,2.1846153846153844,0.6,0.2461538461538461,0.8769230769230769,1.446153846153846
302,Steven Adams,1.6920380096162007,adamsst01,58,82,9.560344827586206,3.8793103448275854,1.137931034482759,5.637931034482759,0.3793103448275862,0.4827586206896552,0.9310344827586208,0.0
303,Jevon Carter,1.691318091632523,carteje01,36,82,5.388888888888889,4.25,1.1111111111111112,1.0833333333333333,0.3611111111111111,0.0833333333333333,0.3055555555555556,0.9722222222222222
304,PJ Hall,1.6903225139669658,hallpj01,19,82,2.6052631578947367,1.736842105263158,0.2105263157894736,1.1578947368421053,0.0,0.2105263157894736,0.1052631578947368,0.1052631578947368
305,Naji Marshall,1.687218475809001,marshna01,71,82,15.704225352112676,13.183098591549296,3.0422535211267605,4.732394366197183,1.0422535211267605,0.1971830985915492,1.6619718309859155,0.8732394366197183
306,Jake LaRavia,1.6714162847384586,laravja01,66,82,11.545454545454543,6.9393939393939394,2.393939393939394,3.924242424242424,0.9393939393939394,0.3484848484848485,1.303030303030303,0.9090909090909092
307,Nickeil Alexander-Walker,1.6607114174307018,alexani01,82,82,12.378048780487806,9.426829268292684,2.7195121951219514,3.231707317073171,0.6097560975609756,0.4146341463414634,1.2073170731707317,1.7195121951219512
308,Terence Davis,1.6521736540026783,daviste02,2,82,3.0,1.5,0.5,1.5,0.0,0.0,0.0,0.5
309,Jacob Toppin,1.6357492469074624,toppija01,17,82,2.117647058823529,1.3529411764705883,0.3529411764705882,0.8823529411764706,0.1176470588235294,0.0,0.1764705882352941,0.2941176470588235
310,Enrique Freeman,1.6314898253043217,freemen01,22,82,3.113636363636364,2.090909090909091,0.4090909090909091,1.3636363636363635,0.1363636363636363,0.1363636363636363,0.2727272727272727,0.0454545454545454
311,David Roddy,1.626059566142746,roddyda01,33,82,6.9393939393939394,4.636363636363637,1.0606060606060606,2.5454545454545454,0.4242424242424242,0.2727272727272727,0.6666666666666666,0.5757575757575758
312,Bobi Klintman,1.6244593389788629,klintbo01,8,82,3.4375,1.875,0.875,0.875,0.25,0.125,0.125,0.25
313,Dwight Powell,1.6213649041305616,poweldw01,56,82,5.232142857142857,2.0357142857142856,0.9821428571428572,2.142857142857143,0.3214285714285714,0.375,0.3214285714285714,0.0357142857142857
314,Cory Joseph,1.6161320848459415,josepco01,51,82,5.980392156862745,3.647058823529412,1.4509803921568627,1.4509803921568627,0.5098039215686274,0.0980392156862745,0.3529411764705882,0.7843137254901961
315,Drew Eubanks,1.6111069951641384,eubandr01,61,82,7.909836065573771,4.590163934426229,0.8852459016393442,3.704918032786885,0.1967213114754098,0.639344262295082,0.6721311475409836,0.0491803278688524
316,Emoni Bates,1.5958442186163746,batesem01,10,82,4.1,3.7,0.8,0.7,0.1,0.1,0.2,1.1
317,Collin Gillespie,1.5863520084385512,gilleco01,33,82,9.348484848484848,5.878787878787879,2.363636363636364,2.363636363636364,0.6363636363636364,0.1515151515151515,0.5151515151515151,1.181818181818182
318,Dru Smith,1.5736230924301655,smithdr01,14,82,10.535714285714286,6.214285714285714,1.6428571428571428,2.571428571428572,1.5,0.4285714285714285,1.2142857142857142,1.1428571428571428
319,Matt Ryan,1.5681096779535972,ryanma01,19,82,1.5263157894736843,1.4736842105263157,0.1578947368421052,0.4210526315789473,0.1052631578947368,0.0,0.1578947368421052,0.3157894736842105
320,GG Jackson II,1.545030115529218,jacksgg01,30,82,8.216666666666667,7.033333333333333,0.9666666666666668,3.1,0.4,0.1666666666666666,1.0333333333333334,1.0666666666666669
321,Ayo Dosunmu,1.5376200286471378,dosunay01,46,82,16.065217391304348,12.304347826086955,4.521739130434782,3.5,0.9347826086956522,0.391304347826087,1.5,1.3478260869565215
322,Colby Jones,1.5336253499701062,jonesco02,38,82,6.631578947368421,3.6052631578947367,1.0526315789473684,2.236842105263158,0.6052631578947368,0.3421052631578947,0.5789473684210527,0.3947368421052631
323,Ja'Kobe Walter,1.5248898520268181,walteja01,52,82,10.673076923076923,8.634615384615385,1.5576923076923077,3.076923076923077,0.8269230769230769,0.1923076923076923,0.9615384615384616,1.25
324,Ousmane Dieng,1.510410041881616,diengou01,37,82,6.067567567567568,3.8378378378378377,0.8378378378378378,2.189189189189189,0.4594594594594595,0.1891891891891892,0.4864864864864865,0.6216216216216216
325,Chris Duarte,1.500133025304405,duartch01,17,82,2.8823529411764706,2.117647058823529,0.5294117647058824,1.1764705882352942,0.0,0.0,0.0588235294117647,0.3529411764705882
326,Eric Gordon,1.4985422760844325,gordoer01,39,82,8.205128205128204,6.82051282051282,1.6666666666666667,1.1794871794871795,0.6666666666666666,0.3076923076923077,0.717948717948718,1.435897435897436
327,Max Christie,1.4887323903791814,chrisma02,80,82,11.875,9.525,1.8375,3.25,0.8,0.4,1.1125,1.475
328,Johnny Davis,1.461726172279936,davisjo06,35,82,3.75,2.3529411764705883,0.3235294117647059,1.1176470588235294,0.4411764705882353,0.1764705882352941,0.2058823529411764,0.2058823529411764
329,Johnny Furphy,1.4540665550027112,furphjo01,50,82,3.9,2.06,0.38,1.42,0.36,0.22,0.24,0.3
330,Harrison Ingram,1.438708154509911,ingraha01,5,82,3.8,0.8,0.6,1.8,0.6,0.0,0.2,0.0
331,Baylor Scheierman,1.438283491347453,scheiba01,30,82,5.75,3.1,1.0666666666666669,2.066666666666667,0.5,0.0666666666666666,0.4,0.6666666666666666
332,Jericho Sims,1.4190169925246636,simsje01,53,82,5.735849056603773,1.849056603773585,0.6226415094339622,3.716981132075472,0.1886792452830188,0.3584905660377358,0.6226415094339622,0.0
333,Jarace Walker,1.3639393274446292,walkeja02,75,82,9.16,6.1466666666666665,1.4666666666666666,3.053333333333333,0.72,0.3333333333333333,1.04,1.0
334,Keshad Johnson,1.3608636124799263,johnske10,17,82,4.0,2.5294117647058822,0.2352941176470588,1.6470588235294117,0.2941176470588235,0.2352941176470588,0.2941176470588235,0.1764705882352941
335,Zach Collins,1.350352849926,colliza01,65,82,10.453846153846154,6.292307692307692,1.7230769230769232,4.430769230769231,0.4461538461538462,0.4461538461538462,0.9384615384615383,0.4923076923076923
336,Orlando Robinson,1.3415310531414406,robinor01,44,82,10.863636363636363,6.886363636363637,1.75,5.0,0.3863636363636363,0.3636363636363636,1.1136363636363635,0.3863636363636363
337,Kyshawn George,1.3365508690455024,georgky01,69,82,13.911764705882351,8.676470588235293,2.485294117647059,4.191176470588236,1.0,0.7352941176470589,1.4264705882352942,1.6764705882352942
338,Kyle Lowry,1.3047462842295643,lowryky01,35,82,8.957142857142857,3.942857142857143,2.742857142857143,1.9142857142857144,0.9428571428571428,0.3142857142857143,0.6,0.8285714285714286
339,Pete Nance,1.280482133817496,nancepe01,13,82,4.5,2.923076923076923,0.7692307692307693,1.6153846153846154,0.1538461538461538,0.1538461538461538,0.3076923076923077,0.6923076923076923
340,Duncan Robinson,1.2731514321897468,robindu01,76,82,11.407894736842104,10.93421052631579,2.3421052631578947,2.236842105263158,0.5263157894736842,0.0921052631578947,1.144736842105263,2.539473684210526
341,Pelle Larsson,1.265872239739042,larsspe01,55,82,6.409090909090909,4.563636363636364,1.181818181818182,1.6727272727272726,0.5818181818181818,0.1272727272727272,0.4363636363636363,0.5818181818181818
342,Lamar Stevens,1.2639138908941698,stevela01,18,82,5.166666666666667,4.111111111111111,0.4444444444444444,2.111111111111111,0.2777777777777778,0.1666666666666666,0.5555555555555556,0.4444444444444444
343,Malcolm Brogdon,1.257431685284286,brogdma01,24,82,14.5625,12.708333333333334,4.083333333333333,3.7916666666666665,0.5416666666666666,0.2083333333333333,1.5833333333333333,0.6666666666666666
344,Luke Kennard,1.246283066917653,kennalu01,66,82,11.87121212121212,8.772727272727273,3.272727272727273,2.787878787878788,0.7575757575757576,0.0757575757575757,1.106060606060606,1.7272727272727273
345,Patrick Williams,1.2438958052034395,willipa01,64,82,12.046875,8.84375,1.9375,3.734375,0.765625,0.5,1.34375,1.5
346,Colin Castleton,1.2352071937774867,castlco01,26,82,8.673076923076923,4.730769230769231,1.0769230769230769,4.6923076923076925,0.3076923076923077,0.3846153846153846,0.8846153846153846,0.0769230769230769
347,Gradey Dick,1.2348111121957974,dickgr01,54,82,14.25,14.38888888888889,1.8148148148148149,3.574074074074074,0.8888888888888888,0.1851851851851851,1.537037037037037,2.111111111111111
348,Tyler Smith,1.230342919650291,smithty02,24,82,3.125,2.7916666666666665,0.1666666666666666,1.0416666666666667,0.125,0.1666666666666666,0.3333333333333333,0.5416666666666666
349,Mason Jones,1.229109919861725,jonesma05,10,82,3.3,2.3,1.1,0.9,0.0,0.1,0.1,0.1
350,Markieff Morris,1.2245703657992835,morrima02,15,82,5.433333333333334,3.733333333333333,1.4,1.5333333333333334,0.1333333333333333,0.2,0.3333333333333333,0.6
351,Cam Christie,1.2088148328391768,chrisca02,13,82,2.923076923076923,1.3846153846153846,0.4615384615384615,0.9230769230769232,0.3846153846153846,0.0769230769230769,0.1538461538461538,0.1538461538461538
352,Kobe Brown,1.1746546909302282,brownko01,40,82,3.5125,1.925,0.6,1.625,0.175,0.1,0.3,0.15
353,Tristan Thompson,1.1693074495963487,thomptr01,40,82,5.1125,1.725,0.6,3.35,0.05,0.275,0.35,0.0
354,Luka Garza,1.1535096132678035,garzalu01,39,82,3.717948717948718,3.5384615384615383,0.282051282051282,1.3846153846153846,0.1538461538461538,0.0769230769230769,0.3076923076923077,0.2564102564102564
355,Xavier Tillman Sr.,1.149446770076085,tillmxa01,33,82,2.6515151515151514,1.0303030303030305,0.2121212121212121,1.303030303030303,0.3333333333333333,0.1515151515151515,0.4242424242424242,0.1515151515151515
356,Caleb Martin,1.1472943404949059,martica02,47,82,11.861702127659576,7.574468085106383,2.0851063829787235,3.8297872340425534,0.9787234042553192,0.5106382978723404,1.2340425531914894,0.7872340425531915
357,Skal Labissière,1.145817287876784,labissk01,4,82,1.75,1.25,0.25,0.75,0.0,0.0,0.0,0.25
358,Anthony Gill,1.1395200935253087,gillan01,52,82,3.2058823529411766,2.5294117647058822,0.3137254901960784,1.2941176470588236,0.1764705882352941,0.0392156862745098,0.196078431372549,0.196078431372549
359,E.J. Liddell,1.0859492762525662,liddeej01,12,82,2.1666666666666665,1.75,0.25,0.75,0.0833333333333333,0.0833333333333333,0.1666666666666666,0.25
360,DeAndre Jordan,1.0767156784715752,jordade01,56,82,8.758928571428571,3.732142857142857,0.9464285714285714,5.071428571428571,0.2857142857142857,0.4821428571428571,0.7142857142857143,0.0
361,Moritz Wagner,1.0689098884547292,wagnemo01,30,82,14.016666666666667,12.866666666666667,1.4,4.933333333333334,0.8,0.4,1.6333333333333333,0.9
362,Ulrich Chomche,1.0624711524375672,chomcul01,7,82,1.7857142857142858,0.7142857142857143,0.2857142857142857,1.1428571428571428,0.0,0.1428571428571428,0.2857142857142857,0.0
363,Spencer Jones,1.048378845379381,jonessp01,20,82,2.525,1.3,0.25,0.85,0.25,0.25,0.25,0.05
364,Reed Sheppard,1.0421691275581548,sheppre01,52,82,6.894230769230769,4.403846153846154,1.4423076923076923,1.5,0.6730769230769231,0.3269230769230769,0.7115384615384616,0.9230769230769232
365,Terry Taylor,1.0325319219481657,taylote01,3,82,1.0,0.0,0.6666666666666666,0.3333333333333333,0.0,0.0,0.0,0.0
366,Spencer Dinwiddie,1.0114346126702405,dinwisp01,81,82,13.895061728395062,10.765432098765432,4.308641975308642,2.580246913580247,0.8641975308641975,0.2098765432098765,1.2592592592592593,1.345679012345679
367,Kobe Bufkin,1.007919076619982,bufkiko01,10,82,6.85,5.3,1.7,2.1,0.3,0.2,0.8,0.4
368,Riley Minix,0.9907755514139778,minixri01,1,82,2.0,0.0,0.0,2.0,0.0,0.0,0.0,0.0
369,Trevelin Queen,0.9866550575127182,queentr01,31,82,7.709677419354839,4.903225806451613,1.2258064516129032,1.7419354838709675,1.0,0.3225806451612903,0.7096774193548387,0.7096774193548387
370,Alex Ducas,0.9840374922168975,ducasal01,21,82,2.857142857142857,1.7142857142857142,0.238095238095238,1.238095238095238,0.238095238095238,0.0,0.1904761904761904,0.4761904761904761
371,Adama Sanogo,0.9836338288816109,sanogad01,4,82,2.5,2.0,0.25,1.5,0.0,0.0,0.25,0.0
372,De'Anthony Melton,0.9777714909297803,meltode01,6,82,13.916666666666666,10.333333333333334,2.833333333333333,3.333333333333333,1.1666666666666667,0.3333333333333333,1.6666666666666667,2.1666666666666665
373,Jalen Brunson,0.970446832891452,brunsja01,65,82,24.26153846153846,26.0,7.3076923076923075,2.876923076923077,0.9230769230769232,0.123076923076923,2.523076923076923,2.3384615384615386
374,Seth Curry,0.9678884756289661,curryse01,68,82,6.948529411764706,6.529411764705882,0.8823529411764706,1.661764705882353,0.3970588235294117,0.1029411764705882,0.4705882352941176,1.2205882352941178
375,Jack McVeigh,0.9659812430730503,mcveija01,9,82,1.8888888888888888,1.5555555555555556,0.1111111111111111,0.5555555555555556,0.0,0.2222222222222222,0.2222222222222222,0.4444444444444444
376,Josh Green,0.9601395239318837,greenjo02,68,82,10.139705882352942,7.4411764705882355,1.588235294117647,2.5294117647058822,1.088235294117647,0.2205882352941176,1.0294117647058822,1.4264705882352942
377,RayJ Dennis,0.9480530757347643,dennira01,11,82,5.181818181818182,2.727272727272727,1.2727272727272727,1.0909090909090908,0.6363636363636364,0.1818181818181818,0.4545454545454545,0.5454545454545454
378,Damian Lillard,0.9423766848490784,lillada01,59,82,26.16949152542373,24.91525423728813,7.016949152542373,4.677966101694915,1.2033898305084745,0.1694915254237288,2.8135593220338984,3.4237288135593222
379,Mac McClung,0.9324799211790931,mccluma01,2,82,2.0,0.0,1.5,0.5,0.0,0.0,0.0,0.0
380,Ron Holland,0.9208083582598141,hollaro01,81,82,7.888888888888889,6.444444444444445,1.0123456790123455,2.691358024691358,0.6049382716049383,0.2098765432098765,0.8888888888888888,0.4444444444444444
381,Cameron Payne,0.9162071736071031,payneca01,72,82,9.1875,6.944444444444445,2.8194444444444446,1.4444444444444444,0.5416666666666666,0.2222222222222222,0.7222222222222222,1.2916666666666667
382,Isaac Jones,0.9107081921005455,jonesis01,41,82,3.768292682926829,3.317073170731707,0.3170731707317073,1.4146341463414631,0.1219512195121951,0.2439024390243902,0.3902439024390244,0.073170731707317
383,TyTy Washington Jr.,0.9034385306618147,washity02,16,82,3.21875,2.1875,1.0,0.8125,0.1875,0.0,0.1875,0.25
384,Isaiah Crawford,0.8918842417366781,crawfis01,15,82,1.4,0.8666666666666667,0.0666666666666666,0.5333333333333333,0.0666666666666666,0.1333333333333333,0.0666666666666666,0.0666666666666666
385,Isaiah Stevens,0.8684554503861246,steveis01,3,82,1.3333333333333333,0.0,0.0,0.6666666666666666,0.3333333333333333,0.0,0.0,0.0
386,Reggie Jackson,0.8651925684548989,jacksre01,31,82,6.080645161290323,4.387096774193548,1.4516129032258065,1.3548387096774193,0.5161290322580645,0.0967741935483871,0.5483870967741935,0.8064516129032258
387,Trentyn Flowers,0.8312632372485462,flowetr01,6,82,1.4166666666666667,1.8333333333333333,0.0,0.6666666666666666,0.0,0.0,0.1666666666666666,0.0
388,Jaylen Nowell,0.8282550945297491,nowelja01,8,82,9.6875,8.375,2.25,2.5,0.125,0.5,1.0,1.0
389,Jesse Edwards,0.8245619436881066,edwarje01,2,82,0.5,0.0,0.5,0.0,0.0,0.0,0.0,0.0
390,Taj Gibson,0.8144031390625373,gibsota01,37,82,6.081081081081081,2.891891891891892,0.5675675675675675,3.2432432432432434,0.2432432432432432,0.4864864864864865,0.6756756756756757,0.027027027027027
391,Quentin Grimes,0.7951416489152454,grimequ01,75,82,16.506666666666668,14.56,3.04,4.32,0.9866666666666668,0.2933333333333333,1.88,2.16
392,Jaden Springer,0.7896838413576559,sprinja01,43,82,4.453488372093023,2.5348837209302326,0.7674418604651163,1.3488372093023255,0.5581395348837209,0.0930232558139534,0.3720930232558139,0.2790697674418604
393,Jonathan Kuminga,0.787331250825215,kuminjo01,47,82,16.01063829787234,15.297872340425531,2.2127659574468086,4.617021276595745,0.8085106382978723,0.4468085106382978,1.5106382978723405,0.9787234042553192
394,Josh Richardson,0.7595285402378489,richajo01,8,82,6.625,4.0,1.5,1.5,1.0,0.125,1.0,0.75
395,Jose Alvarado,0.7584075851521546,alvarjo01,56,82,14.857142857142858,10.339285714285714,4.625,2.4285714285714284,1.3214285714285714,0.25,1.5357142857142858,1.9821428571428568
396,Terrence Shannon Jr.,0.7438720883148051,shannte01,32,82,5.109375,4.3125,1.0,1.46875,0.21875,0.15625,0.46875,0.34375
397,Jalen McDaniels,0.7438450761078708,mcdanja01,4,82,0.75,0.0,0.25,0.0,0.25,0.0,0.0,0.0
398,Grant Williams,0.7354707740437079,willigr01,16,82,15.59375,10.375,2.3125,5.125,1.125,0.8125,1.75,1.6875
399,Jalen Pickett,0.7312712247204562,pickeja02,49,82,6.63265306122449,4.081632653061225,2.183673469387755,1.4489795918367347,0.3877551020408163,0.1020408163265306,0.4897959183673469,0.8163265306122449
400,Chris Livingston,0.7101684408793256,livinch01,22,82,2.727272727272727,1.3636363636363635,0.2272727272727272,1.6363636363636365,0.2272727272727272,0.0,0.2727272727272727,0.0
401,Jett Howard,0.7074339912521135,howarje01,61,82,4.704918032786885,4.377049180327869,0.7213114754098361,1.147540983606557,0.2131147540983606,0.180327868852459,0.5901639344262295,0.9016393442622952
402,Austin Reaves,0.7064217515460716,reaveau01,73,82,22.32191780821918,20.2054794520548,5.767123287671233,4.506849315068493,1.1095890410958904,0.3013698630136986,2.424657534246576,2.73972602739726
403,Jordan McLaughlin,0.6642095827647252,mclaujo01,46,82,3.4239130434782608,2.130434782608696,1.108695652173913,0.6521739130434783,0.3478260869565217,0.0217391304347826,0.3478260869565217,0.4130434782608695
404,Dalen Terry,0.6527097241230824,terryda01,74,82,6.371621621621622,4.4324324324324325,1.3108108108108107,1.7297297297297298,0.5945945945945946,0.2027027027027027,0.7297297297297297,0.5
405,Paul George,0.6483682182588784,georgpa01,41,82,21.085365853658537,16.21951219512195,4.341463414634147,5.341463414634147,1.829268292682927,0.4878048780487805,2.5853658536585367,2.341463414634146
406,Maxwell Lewis,0.6388720065523368,lewisma05,30,82,5.696428571428571,4.142857142857143,0.6785714285714286,1.9642857142857144,0.3214285714285714,0.25,0.5,0.6785714285714286
407,Aaron Holiday,0.5932705541703724,holidaa01,62,82,6.290322580645161,5.483870967741935,1.3387096774193548,1.2580645161290325,0.3064516129032258,0.1774193548387097,0.5967741935483871,1.1612903225806452
408,Bradley Beal,0.5712596772125782,bealbr01,52,82,17.78846153846154,16.96153846153846,3.673076923076923,3.3461538461538463,1.0961538461538465,0.5192307692307693,1.9038461538461533,1.8846153846153848
409,Jaylon Tyson,0.5504235195393916,tysonja01,47,82,5.117021276595745,3.5531914893617023,0.9361702127659576,2.042553191489361,0.2765957446808511,0.0638297872340425,0.5531914893617021,0.425531914893617
410,Tyrese Martin,0.5499097348586421,martity01,62,82,11.083333333333334,8.716666666666667,2.033333333333333,3.65,0.5666666666666667,0.15,1.2333333333333334,1.65
411,Daeqwon Plowden,0.5364830063788519,plowdda01,6,82,5.833333333333333,7.166666666666667,0.3333333333333333,1.8333333333333333,0.0,0.0,0.6666666666666666,1.5
412,Khris Middleton,0.5237943342877263,middlkh01,37,82,15.16216216216216,11.891891891891891,4.054054054054054,3.702702702702703,0.945945945945946,0.2162162162162162,1.5135135135135136,1.2972972972972974
413,Yuki Kawamura,0.5195849781777222,kawamyu01,22,82,2.340909090909091,1.6363636363636365,0.8636363636363636,0.5454545454545454,0.0909090909090909,0.0,0.2272727272727272,0.3181818181818182
414,PJ Dozier,0.5133520744276281,doziepj01,9,82,1.7222222222222223,0.7777777777777778,0.5555555555555556,0.5555555555555556,0.1111111111111111,0.0,0.1111111111111111,0.2222222222222222
415,Sidy Cissoko,0.5107951919206892,cissosi01,22,82,2.2045454545454546,1.4545454545454546,0.6818181818181818,0.9545454545454546,0.0909090909090909,0.0454545454545454,0.5,0.1363636363636363
416,Vince Williams Jr.,0.5086815845111634,willivi01,29,82,9.017241379310343,6.172413793103448,1.9310344827586208,3.413793103448276,0.4137931034482758,0.2413793103448276,1.206896551724138,0.896551724137931
417,Devin Carter,0.5064428476693135,cartede02,37,82,6.5,4.0,1.162162162162162,2.1621621621621623,0.5945945945945946,0.1081081081081081,0.4864864864864865,0.5135135135135135
418,Jusuf Nurkić,0.5044864721610083,nurkiju01,51,82,16.00980392156863,8.882352941176471,2.2549019607843137,7.803921568627451,0.7843137254901961,0.6666666666666666,1.9019607843137247,0.6274509803921569
419,Antonio Reeves,0.4917228237484983,reevean01,44,82,6.818181818181818,6.931818181818182,0.8863636363636364,1.431818181818182,0.4772727272727273,0.0909090909090909,0.6818181818181818,1.1590909090909092
420,Justin Minaya,0.47928155228626346,minayju01,19,82,1.894736842105263,0.9473684210526316,0.3684210526315789,0.5263157894736842,0.3157894736842105,0.0526315789473684,0.2631578947368421,0.1052631578947368
421,Garrett Temple,0.4765717185032925,templga01,28,82,4.196428571428571,1.8928571428571428,1.1071428571428572,1.0357142857142858,0.6071428571428571,0.0714285714285714,0.3571428571428571,0.2142857142857142
422,Bruno Fernando,0.4633304213553828,fernabr01,17,82,6.470588235294118,3.411764705882353,1.0588235294117647,3.0,0.2352941176470588,0.5294117647058824,0.8235294117647058,0.0
423,Jahmir Young,0.46313416916356,youngja05,6,82,2.333333333333333,1.8333333333333333,1.0,0.5,0.0,0.0,0.1666666666666666,0.1666666666666666
424,Jaime Jaquez Jr.,0.46141177698381974,jaqueja01,67,82,12.21641791044776,8.507462686567164,2.4776119402985075,4.328358208955224,0.9104477611940298,0.208955223880597,1.462686567164179,0.5522388059701493
425,Cui Yongxi,0.4279465007501131,cuiyo01,5,82,0.7,0.6,0.0,0.4,0.0,0.0,0.0,0.0
426,Pacome Dadiet,0.4232727233672875,dadiepa01,18,82,2.611111111111111,1.6666666666666667,0.2777777777777778,1.0,0.1666666666666666,0.1111111111111111,0.2222222222222222,0.3333333333333333
427,Dillon Jones,0.421161845785589,jonesdi01,55,82,4.863636363636363,2.4545454545454546,1.0545454545454545,2.2,0.2909090909090909,0.0727272727272727,0.509090909090909,0.2909090909090909
428,Ty Jerome,0.41882717573757344,jeromty01,70,82,13.92142857142857,12.542857142857144,3.3857142857142857,2.4714285714285715,1.1142857142857143,0.0428571428571428,1.3142857142857145,1.5857142857142856
429,Malevy Leons,0.4109495521738389,leonsma01,6,82,0.6666666666666666,0.3333333333333333,0.1666666666666666,0.5,0.0,0.0,0.1666666666666666,0.0
430,Bennedict Mathurin,0.377402258187016,mathube01,72,82,16.125,16.055555555555557,1.8888888888888888,5.319444444444445,0.6527777777777778,0.3333333333333333,1.875,1.3611111111111112
431,Tyler Herro,0.35024945888248493,herroty01,79,82,24.18354430379747,24.151898734177216,5.506329113924051,5.215189873417722,0.8860759493670886,0.2151898734177215,2.6455696202531644,3.278481012658228
432,Bilal Coulibaly,0.3462319980428641,coulibi01,60,82,17.050847457627118,12.322033898305085,3.372881355932204,4.983050847457627,1.3220338983050848,0.6949152542372882,2.1186440677966103,1.0677966101694916
433,Cody Williams,0.3341617546562141,willico04,50,82,6.77,4.6,1.18,2.26,0.46,0.32,0.88,0.7
434,Jahlil Okafor,0.3166943660044439,okafoja01,1,82,2.0,0.0,1.0,1.0,0.0,0.0,0.0,0.0
435,Jordan Miller,0.29156737754447826,millejo02,37,82,5.135135135135135,4.108108108108108,0.918918918918919,1.5675675675675675,0.4594594594594595,0.1351351351351351,0.7027027027027027,0.2162162162162162
436,Jaylen Brown,0.2739197845349228,brownja02,63,82,22.857142857142858,22.19047619047619,4.53968253968254,5.841269841269841,1.1587301587301588,0.3015873015873015,2.571428571428572,1.8412698412698407
437,Cole Anthony,0.22869385865766234,anthoco01,68,82,12.110294117647058,9.647058823529411,2.897058823529412,3.044117647058824,0.6617647058823529,0.4705882352941176,1.5147058823529411,1.1911764705882353
438,Kevin Durant,0.2184571257744612,duranke01,61,82,26.024590163934427,26.524590163934427,4.245901639344262,6.049180327868853,0.8032786885245902,1.2622950819672132,3.081967213114754,2.540983606557377
439,Damion Lee,0.2059726993802944,leeda03,25,82,3.16,3.32,0.44,0.8,0.24,0.0,0.4,0.36
440,Daniss Jenkins,0.20474009156991024,jenkida01,7,82,1.1428571428571428,1.0,0.4285714285714285,0.2857142857142857,0.0,0.0,0.1428571428571428,0.1428571428571428
441,Jaylen Martin,0.2015179107562599,martija02,15,82,6.233333333333333,4.333333333333333,0.9333333333333332,2.533333333333333,0.6,0.0,0.8,0.4
442,Trey Alexander,0.19157467260309224,alexatr01,24,82,1.7291666666666667,1.3333333333333333,0.4583333333333333,0.5,0.0833333333333333,0.0416666666666666,0.2083333333333333,0.125
443,Wendell Moore Jr.,0.1889859685133619,moorewe01,36,82,6.75,4.166666666666667,1.1666666666666667,2.638888888888889,0.5555555555555556,0.1388888888888889,0.75,0.3888888888888889
444,Shake Milton,0.18848929781704027,miltosh01,57,82,7.043859649122807,5.526315789473684,1.7894736842105263,1.824561403508772,0.4385964912280701,0.0701754385964912,0.7017543859649122,0.6666666666666666
445,David Duke Jr.,0.17942366939024468,dukeda01,6,82,3.083333333333333,2.6666666666666665,0.6666666666666666,0.8333333333333334,0.1666666666666666,0.0,0.3333333333333333,0.5
446,Anfernee Simons,0.16428945862939526,simonan01,70,82,18.52142857142857,19.257142857142856,4.814285714285714,2.7,0.8571428571428571,0.0714285714285714,2.0428571428571427,3.071428571428572
447,Talen Horton-Tucker,0.14127788304557343,hortota01,59,82,7.254237288135593,6.576271186440678,1.4067796610169492,1.7118644067796611,0.4067796610169492,0.1864406779661017,0.6949152542372882,0.711864406779661
448,Shaedon Sharpe,0.13757026138959572,sharpsh01,72,82,17.666666666666668,18.541666666666668,2.75,4.5,0.8611111111111112,0.2222222222222222,2.083333333333333,2.0416666666666665
449,Alex Len,0.11188059431703157,lenal01,46,82,4.586956521739131,1.608695652173913,0.8260869565217391,2.065217391304348,0.1956521739130435,0.4565217391304347,0.4347826086956521,0.0434782608695652
450,Keon Johnson,0.11025397592224562,johnske07,81,82,13.449367088607596,10.620253164556962,2.2151898734177213,3.759493670886076,1.0379746835443038,0.379746835443038,1.4683544303797469,1.5949367088607596
451,Zyon Pullin,0.09058079310254818,pullizy01,3,82,0.0,0.0,0.0,0.0,0.0,0.0,0.0,0.0
452,Dario Šarić,0.07470143161092158,saricda01,16,82,6.65625,3.5,1.4375,3.125,0.4375,0.0625,0.9375,0.4375
453,Anton Watson,0.06407541481469958,watsoan02,9,82,1.0,0.8888888888888888,0.2222222222222222,0.3333333333333333,0.1111111111111111,0.0,0.2222222222222222,0.0
454,Trey Jemison,0.05156368166555869,jemistr01,38,82,5.065789473684211,2.5,0.4210526315789473,2.763157894736842,0.2368421052631578,0.3947368421052631,0.631578947368421,0.0
455,Patty Mills,0.030734626262227893,millspa02,29,82,4.5344827586206895,3.827586206896552,0.896551724137931,0.7586206896551724,0.4482758620689655,0.1034482758620689,0.5862068965517241,0.896551724137931
456,Stephen Curry,-0.0015592614985864284,curryst01,71,82,25.61971830985916,24.718309859154928,5.985915492957746,4.47887323943662,1.1408450704225352,0.4225352112676056,2.830985915492957,4.464788732394366
457,Tolu Smith,-0.0057371768707470405,smithto05,1,82,13.0,14.0,0.0,8.0,0.0,0.0,2.0,0.0
458,Brandon Miller,-0.02079048612040757,millebr02,27,82,21.814814814814813,21.03703703703704,3.6296296296296298,4.851851851851852,1.0740740740740742,0.7407407407407407,2.814814814814815,3.851851851851852
459,Luka Dončić,-0.041161501899710684,doncilu01,50,82,33.29,28.16,7.66,8.18,1.78,0.42,3.58,3.54
460,D'Angelo Russell,-0.04282695068940412,russeda01,59,82,16.129310344827587,12.620689655172416,5.120689655172414,2.793103448275862,0.9655172413793104,0.396551724137931,1.862068965517241,1.9482758620689653
461,Reece Beekman,-0.07799663145587998,beekmre01,37,82,5.583333333333333,2.583333333333333,1.75,1.0833333333333333,0.9166666666666666,0.0555555555555555,0.5833333333333334,0.1944444444444444
462,Pat Spencer,-0.09853242929347217,spencpa01,39,82,4.141025641025641,2.5128205128205128,1.2307692307692308,1.1794871794871795,0.358974358974359,0.0769230769230769,0.4615384615384615,0.1282051282051282
463,Armel Traoré,-0.10500695571559837,armeltr01,9,82,3.555555555555556,1.5555555555555556,0.1111111111111111,1.6666666666666667,0.4444444444444444,0.2222222222222222,0.3333333333333333,0.0
464,MarJon Beauchamp,-0.12707149687344432,beaucma01,36,82,2.625,2.1944444444444446,0.3055555555555556,1.2222222222222223,0.1111111111111111,0.0277777777777777,0.4166666666666667,0.2777777777777778
465,Jeenathan Williams,-0.13934884833885763,willije02,20,82,3.375,3.25,0.45,0.65,0.4,0.2,0.7,0.3
466,Killian Hayes,-0.16023830459238453,hayeski01,6,82,14.5,9.0,5.166666666666667,3.0,0.6666666666666666,0.6666666666666666,1.5,1.3333333333333333
467,Josh Giddey,-0.16985231579681392,giddejo01,71,82,24.7887323943662,14.746478873239436,7.140845070422535,8.112676056338028,1.1830985915492958,0.647887323943662,2.887323943661972,1.5070422535211268
468,Cam Thomas,-0.1957460834550655,thomaca02,26,82,19.42,23.96,3.76,3.32,0.6,0.08,2.48,2.72
469,Jazian Gortman,-0.19848752922741553,gortmja01,16,82,1.625,1.5,0.375,0.3125,0.125,0.0625,0.3125,0.25
470,T.J. McConnell,-0.23520682181828234,mccontj01,79,82,12.816455696202532,9.113924050632912,4.443037974683544,2.4430379746835444,1.0506329113924051,0.2658227848101265,1.379746835443038,0.189873417721519
471,Braxton Key,-0.2621161240121841,keybr01,3,82,2.1666666666666665,1.0,0.0,0.6666666666666666,0.6666666666666666,0.0,0.3333333333333333,0.0
472,Keaton Wallace,-0.3049101952869522,wallake01,31,82,8.790322580645162,5.419354838709677,2.6129032258064515,1.6129032258064515,0.9032258064516128,0.2903225806451613,1.064516129032258,0.8709677419354839
473,Bub Carrington,-0.3074807703630513,carrica01,82,82,14.592592592592592,9.839506172839506,4.469135802469136,4.172839506172839,0.6666666666666666,0.2592592592592592,1.728395061728395,1.691358024691358
474,Liam Robbins,-0.3182653615928006,robbili01,13,82,1.5769230769230769,0.6923076923076923,0.1538461538461538,0.9230769230769232,0.1538461538461538,0.1538461538461538,0.4615384615384615,0.0
475,Jared McCain,-0.33099940035327235,mccaija01,23,82,13.543478260869565,15.304347826086955,2.608695652173913,2.4347826086956523,0.6521739130434783,0.0,1.608695652173913,2.217391304347826
476,Anthony Edwards,-0.33770654914310927,edwaran01,79,82,26.829113924050635,27.55696202531645,4.544303797468355,5.69620253164557,1.1518987341772151,0.6455696202531646,3.151898734177215,4.050632911392405
477,Coby White,-0.3991592190347599,whiteco01,75,82,19.66,20.346666666666668,4.466666666666667,3.6666666666666665,0.9333333333333332,0.2133333333333333,2.453333333333333,2.92
478,Dennis Schröder,-0.4214307062517999,schrode01,75,82,15.686666666666667,13.066666666666666,5.386666666666667,2.64,0.88,0.16,1.893333333333333,1.6933333333333334
479,Tristen Newton,-0.4331452610295907,newtotr01,8,82,0.9375,0.375,0.25,0.5,0.125,0.0,0.25,0.0
480,Marcus Sasser,-0.4521718543501849,sassema01,57,82,7.850877192982456,6.578947368421052,2.333333333333333,1.2105263157894737,0.6491228070175439,0.0701754385964912,0.9473684210526316,1.0175438596491229
481,Dante Exum,-0.4595198833558978,exumda01,22,82,9.795454545454543,8.545454545454545,2.8181818181818183,1.7272727272727273,0.6363636363636364,0.1363636363636363,1.1363636363636365,1.1363636363636365
482,Isaiah Wong,-0.4617761632999755,wongis01,20,82,6.525,6.0,1.4,1.6,0.55,0.0,0.9,0.65
483,Bryce McGowens,-0.463483032036623,mcgowbr01,13,82,0.7307692307692307,1.0,0.1538461538461538,0.2307692307692307,0.0769230769230769,0.0,0.3076923076923077,0.0
484,Svi Mykhailiuk,-0.4915581990781026,mykhasv01,38,82,9.68421052631579,8.789473684210526,2.0,2.3684210526315788,0.5,0.1842105263157894,1.368421052631579,1.8421052631578947
485,Tyler Kolek,-0.4987982467827672,kolekty01,41,82,3.865853658536585,1.975609756097561,1.7073170731707317,0.6585365853658537,0.2926829268292683,0.0975609756097561,0.4390243902439024,0.3414634146341463
486,Bronny James,-0.49906512948013027,jamesbr02,27,82,3.203703703703704,2.2962962962962963,0.8148148148148148,0.6666666666666666,0.3333333333333333,0.1111111111111111,0.4814814814814814,0.3333333333333333
487,RJ Barrett,-0.501081354712827,barrerj01,58,82,22.75862068965517,21.08620689655172,5.413793103448276,6.310344827586207,0.7931034482758621,0.293103448275862,2.8448275862068964,1.8448275862068968
488,Jalen Green,-0.5030100522394203,greenja05,82,82,19.98170731707317,21.01219512195122,3.4390243902439024,4.597560975609756,0.8658536585365854,0.3292682926829268,2.475609756097561,2.8536585365853657
489,Deni Avdija,-0.5166370518898054,avdijde01,72,82,21.0,16.930555555555557,3.9027777777777777,7.25,0.9861111111111112,0.4861111111111111,2.7222222222222223,1.7361111111111112
490,AJ Johnson,-0.5582611205459578,johnsaj01,29,82,8.155172413793103,6.896551724137931,2.4827586206896552,2.034482758620689,0.4137931034482758,0.0689655172413793,1.137931034482759,0.7241379310344828
491,Ariel Hukporti,-0.5648714125176653,hukpoar01,25,82,3.88,1.92,0.44,2.04,0.04,0.6,0.84,0.0
492,Josh Christopher,-0.5729825233375603,chrisjo01,14,82,3.0,2.0,0.5714285714285714,0.6428571428571429,0.3571428571428571,0.2142857142857142,0.4285714285714285,0.1428571428571428
493,Rayan Rupert,-0.5790411447803929,ruperra01,52,82,3.682692307692308,2.980769230769231,0.4807692307692308,1.3461538461538465,0.3076923076923077,0.0769230769230769,0.5769230769230769,0.3076923076923077
494,Andre Jackson Jr.,-0.5901792693612318,jacksan01,68,82,6.411764705882353,3.411764705882353,1.2352941176470589,2.7205882352941178,0.5,0.2058823529411764,0.8823529411764706,0.4411764705882353
495,Craig Porter Jr.,-0.6191138670158141,portecr01,51,82,5.264705882352941,3.686274509803922,1.392156862745098,1.3137254901960784,0.3333333333333333,0.2941176470588235,0.7450980392156863,0.4117647058823529
496,Paolo Banchero,-0.6255418464809537,banchpa01,47,82,26.41489361702128,25.70212765957447,4.808510638297872,7.531914893617022,0.7872340425531915,0.6170212765957447,2.9574468085106385,1.851063829787234
497,Vlatko Čančar,-0.6355752482153008,cancavl01,13,82,4.153846153846154,1.8461538461538465,0.6923076923076923,2.4615384615384617,0.2307692307692307,0.1538461538461538,0.8461538461538461,0.3076923076923077
498,Malaki Branham,-0.6492369331202228,branhma01,47,82,4.585106382978723,5.0,0.8085106382978723,1.0851063829787233,0.2340425531914893,0.0425531914893617,0.723404255319149,0.723404255319149
499,Tre Mann,-0.6528926592251894,manntr01,13,82,13.653846153846152,14.076923076923077,3.0,2.923076923076923,0.5384615384615384,0.3076923076923077,1.9230769230769231,1.8461538461538465
500,Zion Williamson,-0.6709714736701045,willizi01,30,82,26.566666666666663,24.566666666666663,5.3,7.2,1.2333333333333334,0.9,3.0,0.1
501,JD Davison,-0.70081277125732,davisjd01,16,82,2.71875,2.0625,0.8125,0.8125,0.3125,0.0625,0.8125,0.25
502,Ryan Rollins,-0.7018465077563876,rolliry01,56,82,8.517857142857142,6.232142857142857,1.8571428571428568,1.9285714285714288,0.75,0.3035714285714285,0.9464285714285714,0.875
503,Markelle Fultz,-0.7285783744176395,fultzma01,22,82,4.0227272727272725,2.772727272727273,1.2272727272727273,0.9090909090909092,0.4545454545454545,0.0909090909090909,0.6818181818181818,0.1818181818181818
504,James Johnson,-0.7775104714685568,johnsja01,12,82,1.1666666666666667,0.6666666666666666,0.3333333333333333,0.5,0.0,0.1666666666666666,0.3333333333333333,0.0
505,Tyson Etienne,-0.7996508181743172,etienty01,8,82,7.857142857142857,7.857142857142857,1.7142857142857142,1.2857142857142858,0.4285714285714285,0.1428571428571428,1.1428571428571428,1.8571428571428568
506,Dalano Banton,-0.9083453513085844,bantoda01,67,82,10.126865671641792,8.343283582089553,2.388059701492537,2.014925373134328,0.6417910447761194,0.5074626865671642,1.2835820895522387,1.0746268656716418
507,Lester Quiñones,-0.9255947221855247,quinole01,13,82,6.807692307692308,6.615384615384615,1.8461538461538465,1.4615384615384617,0.2307692307692307,0.1538461538461538,1.0769230769230769,1.0
508,Luke Travers,-0.9339792588491622,travelu01,12,82,2.5,1.0,0.6666666666666666,1.6666666666666667,0.0833333333333333,0.0833333333333333,0.6666666666666666,0.0
509,Marcus Garrett,-0.9742278608531645,garrema01,4,82,9.625,7.0,3.25,1.5,0.75,0.5,1.5,0.75
510,Alondes Williams,-0.9946858128695364,willial06,1,82,4.0,5.0,1.0,0.0,0.0,0.0,0.0,1.0
511,Andrew Nembhard,-1.0127551988459247,nembhan01,65,82,14.830769230769231,10.046153846153846,5.015384615384615,3.323076923076924,1.2153846153846153,0.1692307692307692,1.7230769230769232,0.7846153846153846
512,Brice Sensabaugh,-1.036020311625865,sensabr01,71,82,11.06338028169014,10.873239436619718,1.5492957746478873,2.9577464788732395,0.647887323943662,0.1126760563380281,1.5070422535211268,2.211267605633803
513,Jalen Bridges,-1.0666259413747776,bridgja01,8,82,0.6875,1.125,0.0,0.5,0.0,0.0,0.5,0.25
514,Dejounte Murray,-1.0926416641709291,murrade01,31,82,25.12903225806452,17.483870967741936,7.354838709677419,6.451612903225806,2.032258064516129,0.3870967741935484,3.419354838709677,1.6774193548387095
515,Joe Ingles,-1.0946038013153128,inglejo01,19,82,2.0,0.7894736842105263,1.2105263157894737,0.5789473684210527,0.1052631578947368,0.0,0.4736842105263157,0.1578947368421052
516,Malachi Flynn,-1.116809240330271,flynnma01,4,82,6.125,4.0,1.75,1.75,0.75,0.0,1.0,0.25
517,Jared Butler,-1.1306808836962599,butleja02,60,82,11.025,9.016666666666667,3.6666666666666665,1.8333333333333333,0.7,0.2166666666666666,1.3333333333333333,1.0
518,Jalen Hood-Schifino,-1.2456344095445668,hoodsja01,15,82,8.666666666666666,7.066666666666666,2.466666666666667,1.8,0.3333333333333333,0.4666666666666667,1.2,0.9333333333333332
519,Bones Hyland,-1.2738528116427286,hylanbo01,24,82,6.9375,6.208333333333333,1.3333333333333333,1.0416666666666667,0.75,0.1666666666666666,1.0416666666666667,1.3333333333333333
520,Anthony Black,-1.2987155727383326,blackan01,79,82,12.917721518987342,9.518987341772153,3.088607594936709,2.962025316455696,1.0886075949367089,0.6329113924050633,1.759493670886076,0.8227848101265823
521,Quincy Olivari,-1.3026484910166036,olivaqu01,2,82,1.0,1.5,0.5,0.0,0.0,0.0,0.5,0.5
522,Taze Moore,-1.312730330975756,mooreta02,2,82,7.25,3.0,0.5,4.0,1.0,0.0,1.0,0.5
523,Nick Smith Jr.,-1.319445166301153,smithni01,60,82,9.758333333333333,9.85,2.4166666666666665,2.1333333333333333,0.2833333333333333,0.1,1.3666666666666667,1.7333333333333334
524,Kyle Kuzma,-1.3398760121410793,kuzmaky01,66,82,15.723076923076922,14.830769230769231,2.3384615384615386,5.6923076923076925,0.5538461538461539,0.2923076923076923,2.246153846153846,1.476923076923077
525,Kelly Olynyk,-1.3409695714808805,olynyke01,44,82,13.011363636363637,8.727272727272727,2.909090909090909,4.681818181818182,0.75,0.4318181818181818,1.7272727272727273,0.75
526,Scotty Pippen Jr.,-1.3469718095008731,pippesc02,81,82,14.907407407407408,9.88888888888889,4.37037037037037,3.2839506172839505,1.2962962962962965,0.3703703703703703,1.7160493827160497,1.1111111111111112
527,KJ Simpson,-1.4531125849760753,simpskj01,36,82,11.180555555555555,7.833333333333333,3.111111111111111,3.0277777777777777,0.9444444444444444,0.1666666666666666,1.5555555555555556,0.9166666666666666
528,LeBron James,-1.4612297951138673,jamesle01,70,82,29.492857142857144,24.428571428571427,8.214285714285714,7.8,1.0,0.5571428571428572,3.7142857142857135,2.128571428571429
529,D.J. Carton,-1.4761186671986077,cartodj01,4,82,2.125,0.75,0.75,1.0,0.5,0.0,1.0,0.0
530,Joel Embiid,-1.5293355344063257,embiijo01,19,82,25.71052631578948,23.789473684210527,4.473684210526316,8.157894736842104,0.7368421052631579,0.9473684210526316,3.263157894736842,1.2105263157894737
531,Zach LaVine,-1.6669822622210988,lavinza01,75,82,20.9,23.25333333333333,4.253333333333333,4.24,0.7733333333333333,0.16,2.84,3.24
532,Malik Monk,-1.8592319761875895,monkma01,65,82,19.661538461538463,17.184615384615384,5.569230769230769,3.769230769230769,0.9384615384615383,0.5846153846153846,2.4461538461538463,2.1384615384615384
533,Devin Booker,-1.8675724445224107,bookede01,74,82,24.81081081081081,25.74324324324324,7.054054054054054,4.04054054054054,0.8918918918918919,0.2027027027027027,2.9324324324324325,2.472972972972973
534,Davion Mitchell,-1.9158779560729629,mitchda01,76,82,12.50657894736842,8.144736842105264,4.9605263157894735,2.263157894736842,0.9605263157894736,0.2236842105263158,1.763157894736842,1.1842105263157894
535,Rob Dillingham,-1.9698344054595098,dilliro01,49,82,5.285714285714286,4.469387755102041,2.0,1.020408163265306,0.4081632653061224,0.0204081632653061,1.0816326530612246,0.5102040816326531
536,Jaden Hardy,-2.0976831493358814,hardyja02,58,82,7.586206896551724,8.551724137931034,1.396551724137931,1.5344827586206895,0.4827586206896552,0.0862068965517241,1.4137931034482758,1.3103448275862069
537,Ben Simmons,-2.180376011139119,simmobe01,51,82,13.235294117647058,5.019607843137255,5.588235294117647,4.725490196078432,0.7450980392156863,0.4509803921568627,2.0,0.0
538,Jamal Shead,-2.2331268633821484,sheadja01,75,82,10.046666666666669,7.1066666666666665,4.213333333333333,1.5333333333333334,0.7733333333333333,0.1333333333333333,1.56,0.96
539,Marcus Smart,-2.2523750622751377,smartma01,33,82,11.924242424242424,9.151515151515152,3.242424242424242,2.1515151515151514,1.1515151515151516,0.2727272727272727,1.6363636363636365,1.4848484848484849
540,Blake Wesley,-2.330464066304688,weslebl01,58,82,5.586206896551724,3.7413793103448274,1.9655172413793105,1.0517241379310345,0.6379310344827587,0.1034482758620689,0.9310344827586208,0.293103448275862
541,Darius Garland,-2.4105692185014105,garlada01,75,82,21.626666666666665,20.586666666666662,6.746666666666667,2.853333333333333,1.2133333333333334,0.1466666666666666,2.52,2.8266666666666667
542,Jaylen Sims,-2.432610625153603,simsja01,6,82,7.0,7.0,2.0,1.0,0.5,0.1666666666666666,1.3333333333333333,1.0
543,Stephon Castle,-2.488742992452787,castlst01,81,82,15.95679012345679,14.691358024691358,4.098765432098766,3.6666666666666665,0.9135802469135802,0.2716049382716049,2.185185185185185,1.1728395061728396
544,Julius Randle,-2.579114137737432,randlju01,69,82,21.043478260869566,18.666666666666668,4.681159420289855,7.057971014492754,0.6811594202898551,0.2318840579710145,2.840579710144928,1.565217391304348
545,Draymond Green,-2.633746708415405,greendr01,69,82,19.42753623188406,8.942028985507246,5.695652173913044,6.086956521739131,1.4782608695652173,1.0289855072463767,2.536231884057971,1.1594202898550725
546,Trendon Watford,-2.6884367889333625,watfotr01,46,82,11.602272727272728,10.227272727272728,2.613636363636364,3.636363636363636,0.6136363636363636,0.2727272727272727,1.8863636363636365,0.6590909090909091
547,Brandon Ingram,-2.7731180521170957,ingrabr01,18,82,22.194444444444443,22.22222222222222,5.166666666666667,5.555555555555555,0.8888888888888888,0.6111111111111112,3.8333333333333335,2.388888888888889
548,Kevin Porter Jr.,-3.103765323731526,porteke02,75,82,13.373333333333331,10.28,3.4133333333333336,3.7066666666666666,1.08,0.1733333333333333,1.8133333333333328,0.7333333333333333
549,Damion Baugh,-3.109668785648199,baughda01,15,82,11.3,7.266666666666667,3.733333333333333,3.333333333333333,1.0,0.1333333333333333,2.066666666666667,0.8
550,LaMelo Ball,-3.178705069424213,ballla01,47,82,26.5,25.19148936170213,7.361702127659575,4.9361702127659575,1.148936170212766,0.2765957446808511,3.5531914893617023,3.808510638297872
551,Jordan Poole,-3.20066540012448,poolejo01,68,82,19.94029850746269,20.58208955223881,4.462686567164179,3.0,1.2835820895522387,0.4029850746268656,3.029850746268657,3.4776119402985075
552,Jordan Clarkson,-3.5032934435236616,clarkjo01,37,82,16.0,16.216216216216218,3.72972972972973,3.189189189189189,0.8378378378378378,0.2432432432432432,2.324324324324324,2.27027027027027
553,Daishen Nix,-3.8854696009619145,nixda01,3,82,1.1666666666666667,0.3333333333333333,1.0,1.3333333333333333,0.0,0.0,1.3333333333333333,0.0
554,Jaden Ivey,-4.398437199600454,iveyja01,30,82,17.583333333333332,17.6,3.966666666666667,4.133333333333334,0.9333333333333332,0.3666666666666666,2.966666666666667,2.1
555,Jalen Suggs,-4.451709397444747,suggsja01,35,82,18.785714285714285,16.2,3.6857142857142855,4.0285714285714285,1.457142857142857,0.9428571428571428,2.914285714285714,2.171428571428572
556,Collin Sexton,-4.45333775175226,sextoco01,63,82,16.150793650793652,18.396825396825395,4.190476190476191,2.7142857142857144,0.746031746031746,0.0952380952380952,2.5396825396825395,1.746031746031746
557,Jamaree Bouyea,-4.688229637000633,bouyeja01,5,82,5.6,3.4,2.0,1.0,0.8,0.4,1.6,0.2
558,Ja Morant,-4.8237682821290395,moranja01,52,82,23.39423076923077,23.134615384615383,7.230769230769231,4.134615384615385,1.25,0.2307692307692307,3.692307692307693,1.7307692307692308
559,Keyonte George,-5.167261747957542,georgke01,67,82,18.06716417910448,16.791044776119403,5.626865671641791,3.776119402985074,0.6865671641791045,0.1343283582089552,2.7313432835820897,2.5970149253731343
560,James Harden,-5.522975682521479,hardeja01,79,82,28.10759493670886,22.81012658227848,8.69620253164557,5.772151898734177,1.4936708860759491,0.6962025316455697,4.316455696202532,2.9746835443037973
561,Vasilije Micić,-5.856296080840652,micicva01,41,82,8.0,6.560975609756097,3.1219512195121952,2.1707317073170733,0.3658536585365853,0.0,1.8780487804878048,1.0975609756097562
562,Cade Cunningham,-5.886018466740057,cunnica01,70,82,29.207142857142856,26.142857142857142,9.114285714285714,6.071428571428571,1.0142857142857142,0.7571428571428571,4.414285714285715,2.128571428571429
563,Elfrid Payton,-6.27712849424387,paytoel01,24,82,12.541666666666666,3.5416666666666665,6.916666666666667,3.2916666666666665,1.0,0.4583333333333333,2.458333333333333,0.0416666666666666
564,Isaiah Collier,-6.568657130716554,colliis01,71,82,13.753521126760564,8.661971830985916,6.28169014084507,3.309859154929577,0.9295774647887324,0.2253521126760563,2.9295774647887325,0.5915492957746479
565,Russell Westbrook,-7.602546462489899,westbru01,75,82,19.14666666666667,13.253333333333334,6.093333333333334,4.933333333333334,1.413333333333333,0.4933333333333333,3.2266666666666666,1.2533333333333334
566,Scoot Henderson,-8.269110664680454,hendesc01,66,82,15.015151515151516,12.681818181818182,5.075757575757576,3.0,1.0303030303030305,0.1969696969696969,2.6818181818181817,1.5909090909090908
567,Trae Young,-10.78823161163831,youngtr01,78,82,26.993589743589745,24.33333333333333,11.5,3.1153846153846154,1.1923076923076923,0.1666666666666666,4.628205128205129,2.858974358974359
